transaction_id,transaction_amount,transaction_type,timestamp,year,month,day,hour,day_of_week,is_weekend
TXN000001,126.57,WITHDRAWAL,2023-11-24 04:03:12,2023,11,24,4,4,0
TXN000002,2237.07,DEPOSIT,2023-02-22 19:51:22,2023,2,22,19,2,0
TXN000003,2166.86,DEPOSIT,2023-08-05 01:09:25,2023,8,5,1,5,1
TXN000004,753.87,PAYMENT,2023-01-14 20:26:03,2023,1,14,20,5,1
TXN000005,1089.09,DEPOSIT,2023-11-29 19:50:26,2023,11,29,19,2,0
TXN000006,1138.73,DEPOSIT,2023-08-18 21:27:16,2023,8,18,21,4,0
TXN000007,53.51,WITHDRAWAL,2023-06-24 10:07:01,2023,6,24,10,5,1
TXN000008,374.04,WITHDRAWAL,2023-06-22 03:43:16,2023,6,22,3,3,0
TXN000009,396.02,PAYMENT,2023-11-06 09:37:51,2023,11,6,9,0,0
TXN000010,170.91,WITHDRAWAL,2023-08-24 19:31:24,2023,8,24,19,3,0
TXN000011,345.92,PAYMENT,2023-07-05 21:01:14,2023,7,5,21,2,0
TXN000012,651.18,PAYMENT,2023-02-21 13:50:23,2023,2,21,13,1,0
TXN000013,532.9,PAYMENT,2023-11-22 13:16:59,2023,11,22,13,2,0
TXN000014,1147.63,DEPOSIT,2023-12-26 23:35:39,2023,12,26,23,1,0
TXN000015,1072.34,DEPOSIT,2023-06-11 14:36:21,2023,6,11,14,6,1
TXN000016,3698.76,DEPOSIT,2023-10-15 19:37:24,2023,10,15,19,6,1
TXN000017,248.39,PAYMENT,2023-10-27 15:35:55,2023,10,27,15,4,0
TXN000018,462.26,PAYMENT,2023-07-24 13:10:47,2023,7,24,13,0,0
TXN000019,1442.66,DEPOSIT,2023-01-25 03:59:31,2023,1,25,3,2,0
TXN000020,599.35,PAYMENT,2023-03-23 15:22:13,2023,3,23,15,3,0
TXN000021,500.0,WITHDRAWAL,2023-07-17 13:53:39,2023,7,17,13,0,0
TXN000022,4503.96,DEPOSIT,2023-08-28 19:15:52,2023,8,28,19,0,0
TXN000023,279.56,REFUND,2023-11-25 12:23:07,2023,11,25,12,5,1
TXN000024,1363.28,TRANSFER,2023-09-08 00:42:32,2023,9,8,0,4,0
TXN000025,773.2,DEPOSIT,2023-07-05 11:11:46,2023,7,5,11,2,0
TXN000026,70.0,WITHDRAWAL,2023-02-13 17:41:39,2023,2,13,17,0,0
TXN000027,229.27,TRANSFER,2023-09-01 20:01:03,2023,9,1,20,4,0
TXN000028,283.45,PAYMENT,2023-09-22 16:26:17,2023,9,22,16,4,0
TXN000029,2761.42,DEPOSIT,2023-10-29 20:10:03,2023,10,29,20,6,1
TXN000030,723.33,PAYMENT,2023-04-23 00:15:42,2023,4,23,0,6,1
TXN000031,450.97,PAYMENT,2023-01-17 12:01:49,2023,1,17,12,1,0
TXN000032,1052.6,DEPOSIT,2023-05-02 10:08:20,2023,5,2,10,1,0
TXN000033,201.49,TRANSFER,2023-04-20 19:37:58,2023,4,20,19,3,0
TXN000034,4177.71,DEPOSIT,2023-10-20 20:58:45,2023,10,20,20,4,0
TXN000035,401.57,WITHDRAWAL,2023-08-31 14:49:14,2023,8,31,14,3,0
TXN000036,279.07,PAYMENT,2023-10-09 03:33:53,2023,10,9,3,0,0
TXN000037,293.53,TRANSFER,2023-07-19 09:39:20,2023,7,19,9,2,0
TXN000038,483.64,PAYMENT,2023-08-21 10:23:08,2023,8,21,10,0,0
TXN000039,874.49,PAYMENT,2023-10-12 17:43:08,2023,10,12,17,3,0
TXN000040,586.62,PAYMENT,2023-10-24 19:44:26,2023,10,24,19,1,0
TXN000041,403.34,PAYMENT,2023-06-10 02:04:52,2023,6,10,2,5,1
TXN000042,1650.96,DEPOSIT,2023-09-29 05:43:55,2023,9,29,5,4,0
TXN000043,557.13,DEPOSIT,2023-02-05 21:39:52,2023,2,5,21,6,1
TXN000044,761.82,PAYMENT,2023-05-01 14:42:03,2023,5,1,14,0,0
TXN000045,439.09,TRANSFER,2023-01-21 22:33:03,2023,1,21,22,5,1
TXN000046,130.61,PAYMENT,2023-06-11 02:38:28,2023,6,11,2,6,1
TXN000047,1462.75,DEPOSIT,2023-02-07 19:34:28,2023,2,7,19,1,0
TXN000048,1231.89,DEPOSIT,2023-03-22 15:57:13,2023,3,22,15,2,0
TXN000049,1005.66,TRANSFER,2023-12-27 11:00:51,2023,12,27,11,2,0
TXN000050,1700.69,TRANSFER,2023-12-01 19:15:29,2023,12,1,19,4,0
TXN000051,2000.0,TRANSFER,2023-10-11 10:54:00,2023,10,11,10,2,0
TXN000052,774.86,TRANSFER,2023-02-24 20:08:32,2023,2,24,20,4,0
TXN000053,229.2,WITHDRAWAL,2023-05-16 18:24:04,2023,5,16,18,1,0
TXN000054,215.86,WITHDRAWAL,2023-05-22 01:36:18,2023,5,22,1,0,0
TXN000055,80.49,TRANSFER,2023-03-24 16:05:12,2023,3,24,16,4,0
TXN000056,2285.22,DEPOSIT,2023-08-07 20:25:19,2023,8,7,20,0,0
TXN000057,2490.28,DEPOSIT,2023-08-09 04:38:24,2023,8,9,4,2,0
TXN000058,240.07,WITHDRAWAL,2023-04-18 09:05:06,2023,4,18,9,1,0
TXN000059,267.91,PAYMENT,2023-04-01 15:00:40,2023,4,1,15,5,1
TXN000060,426.24,REFUND,2023-06-20 14:59:24,2023,6,20,14,1,0
TXN000061,250.2,REFUND,2023-05-08 09:42:50,2023,5,8,9,0,0
TXN000062,59.18,WITHDRAWAL,2023-01-20 17:08:14,2023,1,20,17,4,0
TXN000063,272.28,WITHDRAWAL,2023-08-24 12:43:50,2023,8,24,12,3,0
TXN000064,394.89,PAYMENT,2023-04-27 08:06:59,2023,4,27,8,3,0
TXN000065,2540.22,DEPOSIT,2023-04-09 14:30:27,2023,4,9,14,6,1
TXN000066,1408.92,DEPOSIT,2023-02-05 10:09:45,2023,2,5,10,6,1
TXN000067,2274.82,DEPOSIT,2023-09-18 14:33:06,2023,9,18,14,0,0
TXN000068,1723.13,DEPOSIT,2023-10-02 12:03:24,2023,10,2,12,0,0
TXN000069,309.64,PAYMENT,2023-03-01 09:30:37,2023,3,1,9,2,0
TXN000070,694.82,PAYMENT,2023-05-16 01:23:34,2023,5,16,1,1,0
TXN000071,428.62,WITHDRAWAL,2023-08-11 12:35:09,2023,8,11,12,4,0
TXN000072,848.84,PAYMENT,2023-12-29 15:52:34,2023,12,29,15,4,0
TXN000073,1168.01,DEPOSIT,2023-06-03 18:27:49,2023,6,3,18,5,1
TXN000074,3627.62,DEPOSIT,2023-06-01 20:11:07,2023,6,1,20,3,0
TXN000075,5000.0,DEPOSIT,2023-08-04 13:48:15,2023,8,4,13,4,0
TXN000076,3486.57,DEPOSIT,2023-06-05 10:26:46,2023,6,5,10,0,0
TXN000077,663.96,PAYMENT,2023-04-20 18:36:40,2023,4,20,18,3,0
TXN000078,651.65,DEPOSIT,2023-03-28 23:59:16,2023,3,28,23,1,0
TXN000079,656.86,PAYMENT,2023-04-26 07:15:00,2023,4,26,7,2,0
TXN000080,1523.94,DEPOSIT,2023-11-19 20:57:34,2023,11,19,20,6,1
TXN000081,217.19,WITHDRAWAL,2023-10-13 09:04:22,2023,10,13,9,4,0
TXN000082,640.84,PAYMENT,2023-03-04 16:37:09,2023,3,4,16,5,1
TXN000083,2000.0,TRANSFER,2023-11-01 11:33:08,2023,11,1,11,2,0
TXN000084,5000.0,DEPOSIT,2023-09-01 16:23:11,2023,9,1,16,4,0
TXN000085,547.72,DEPOSIT,2023-05-21 16:00:54,2023,5,21,16,6,1
TXN000086,402.89,WITHDRAWAL,2023-06-13 19:39:58,2023,6,13,19,1,0
TXN000087,656.14,PAYMENT,2023-03-20 07:47:23,2023,3,20,7,0,0
TXN000088,4589.19,DEPOSIT,2023-07-28 12:02:49,2023,7,28,12,4,0
TXN000089,2077.32,DEPOSIT,2023-08-04 14:10:49,2023,8,4,14,4,0
TXN000090,3414.28,DEPOSIT,2023-06-30 10:52:19,2023,6,30,10,4,0
TXN000091,1993.54,DEPOSIT,2023-08-25 06:36:59,2023,8,25,6,4,0
TXN000092,199.81,PAYMENT,2023-07-14 11:55:06,2023,7,14,11,4,0
TXN000093,685.21,PAYMENT,2023-07-14 10:07:51,2023,7,14,10,4,0
TXN000094,807.71,DEPOSIT,2023-08-04 09:11:05,2023,8,4,9,4,0
TXN000095,352.4,WITHDRAWAL,2023-01-27 12:44:30,2023,1,27,12,4,0
TXN000096,1857.44,TRANSFER,2023-02-05 23:43:46,2023,2,5,23,6,1
TXN000097,286.67,PAYMENT,2023-01-16 09:00:11,2023,1,16,9,0,0
TXN000098,277.5,WITHDRAWAL,2023-01-11 22:37:19,2023,1,11,22,2,0
TXN000099,365.44,WITHDRAWAL,2023-03-06 17:14:30,2023,3,6,17,0,0
TXN000100,442.9,PAYMENT,2023-05-12 13:25:51,2023,5,12,13,4,0
TXN000101,1000.0,PAYMENT,2023-03-25 11:19:28,2023,3,25,11,5,1
TXN000102,525.82,PAYMENT,2023-07-12 14:26:30,2023,7,12,14,2,0
TXN000103,802.22,DEPOSIT,2023-08-08 13:29:31,2023,8,8,13,1,0
TXN000104,3787.82,DEPOSIT,2023-11-28 12:25:25,2023,11,28,12,1,0
TXN000105,471.62,PAYMENT,2023-08-04 17:50:51,2023,8,4,17,4,0
TXN000106,344.12,REFUND,2023-10-03 17:36:12,2023,10,3,17,1,0
TXN000107,196.51,REFUND,2023-10-31 09:46:19,2023,10,31,9,1,0
TXN000108,353.25,WITHDRAWAL,2023-11-02 10:03:31,2023,11,2,10,3,0
TXN000109,320.99,TRANSFER,2023-09-22 06:57:22,2023,9,22,6,4,0
TXN000110,374.9,PAYMENT,2023-07-28 17:47:18,2023,7,28,17,4,0
TXN000111,1114.66,TRANSFER,2023-05-04 17:20:02,2023,5,4,17,3,0
TXN000112,5000.0,DEPOSIT,2023-02-17 10:42:46,2023,2,17,10,4,0
TXN000113,765.53,PAYMENT,2023-10-25 13:26:08,2023,10,25,13,2,0
TXN000114,515.28,PAYMENT,2023-09-29 12:30:56,2023,9,29,12,4,0
TXN000115,263.95,PAYMENT,2023-10-09 12:02:37,2023,10,9,12,0,0
TXN000116,425.84,WITHDRAWAL,2023-08-21 09:51:49,2023,8,21,9,0,0
TXN000117,859.03,TRANSFER,2023-09-05 10:04:01,2023,9,5,10,1,0
TXN000118,827.17,TRANSFER,2023-09-26 21:43:42,2023,9,26,21,1,0
TXN000119,860.04,PAYMENT,2023-12-29 19:26:50,2023,12,29,19,4,0
TXN000120,504.32,PAYMENT,2023-08-14 12:24:17,2023,8,14,12,0,0
TXN000121,560.28,PAYMENT,2023-01-27 09:11:32,2023,1,27,9,4,0
TXN000122,281.14,WITHDRAWAL,2023-07-25 17:54:14,2023,7,25,17,1,0
TXN000123,279.8,WITHDRAWAL,2023-10-16 11:03:44,2023,10,16,11,0,0
TXN000124,873.98,DEPOSIT,2023-07-14 16:24:09,2023,7,14,16,4,0
TXN000125,57.61,PAYMENT,2023-12-05 02:57:21,2023,12,5,2,1,0
TXN000126,591.38,PAYMENT,2023-03-30 20:05:50,2023,3,30,20,3,0
TXN000127,848.36,DEPOSIT,2023-01-02 14:52:25,2023,1,2,14,0,0
TXN000128,419.21,PAYMENT,2023-11-01 17:06:32,2023,11,1,17,2,0
TXN000129,639.21,PAYMENT,2023-12-26 16:31:50,2023,12,26,16,1,0
TXN000130,627.1,DEPOSIT,2023-04-12 15:28:43,2023,4,12,15,2,0
TXN000131,5000.0,DEPOSIT,2023-04-26 23:34:46,2023,4,26,23,2,0
TXN000132,961.05,PAYMENT,2023-05-17 05:10:43,2023,5,17,5,2,0
TXN000133,506.27,PAYMENT,2023-10-19 10:30:28,2023,10,19,10,3,0
TXN000134,313.05,WITHDRAWAL,2023-08-28 11:04:17,2023,8,28,11,0,0
TXN000135,391.93,PAYMENT,2023-08-10 11:44:07,2023,8,10,11,3,0
TXN000136,456.0,DEPOSIT,2023-01-11 09:48:45,2023,1,11,9,2,0
TXN000137,934.81,DEPOSIT,2023-03-31 17:07:49,2023,3,31,17,4,0
TXN000138,5000.0,DEPOSIT,2023-08-15 10:07:38,2023,8,15,10,1,0
TXN000139,2235.04,DEPOSIT,2023-10-27 15:52:12,2023,10,27,15,4,0
TXN000140,101.46,PAYMENT,2023-07-29 12:08:07,2023,7,29,12,5,1
TXN000141,596.35,PAYMENT,2023-12-22 18:02:22,2023,12,22,18,4,0
TXN000142,913.27,PAYMENT,2023-07-25 20:01:42,2023,7,25,20,1,0
TXN000143,172.31,WITHDRAWAL,2023-02-15 11:27:04,2023,2,15,11,2,0
TXN000144,184.12,PAYMENT,2023-03-01 14:42:56,2023,3,1,14,2,0
TXN000145,1433.52,DEPOSIT,2023-08-25 15:02:45,2023,8,25,15,4,0
TXN000146,5000.0,DEPOSIT,2023-03-09 10:29:12,2023,3,9,10,3,0
TXN000147,180.38,PAYMENT,2023-12-24 17:38:52,2023,12,24,17,6,1
TXN000148,247.39,WITHDRAWAL,2023-09-13 10:37:34,2023,9,13,10,2,0
TXN000149,445.17,WITHDRAWAL,2023-03-16 13:57:57,2023,3,16,13,3,0
TXN000150,4996.1,DEPOSIT,2023-08-01 12:22:28,2023,8,1,12,1,0
TXN000151,267.02,WITHDRAWAL,2023-05-25 10:52:12,2023,5,25,10,3,0
TXN000152,2000.0,TRANSFER,2023-10-24 17:49:38,2023,10,24,17,1,0
TXN000153,452.14,PAYMENT,2023-08-17 19:36:32,2023,8,17,19,3,0
TXN000154,517.65,PAYMENT,2023-07-13 16:34:42,2023,7,13,16,3,0
TXN000155,147.58,TRANSFER,2023-04-30 14:57:21,2023,4,30,14,6,1
TXN000156,821.03,PAYMENT,2023-08-31 13:52:48,2023,8,31,13,3,0
TXN000157,673.35,PAYMENT,2023-09-11 01:20:52,2023,9,11,1,0,0
TXN000158,268.52,WITHDRAWAL,2023-10-30 12:05:15,2023,10,30,12,0,0
TXN000159,192.3,REFUND,2023-02-08 17:05:37,2023,2,8,17,2,0
TXN000160,284.91,WITHDRAWAL,2023-05-16 12:19:35,2023,5,16,12,1,0
TXN000161,409.3,TRANSFER,2023-07-23 23:39:35,2023,7,23,23,6,1
TXN000162,414.07,PAYMENT,2023-06-18 19:25:42,2023,6,18,19,6,1
TXN000163,592.55,PAYMENT,2023-09-07 19:41:52,2023,9,7,19,3,0
TXN000164,1072.01,TRANSFER,2023-12-22 10:54:11,2023,12,22,10,4,0
TXN000165,326.21,WITHDRAWAL,2023-01-24 11:48:36,2023,1,24,11,1,0
TXN000166,381.51,TRANSFER,2023-05-31 13:03:04,2023,5,31,13,2,0
TXN000167,31.28,REFUND,2023-11-23 09:14:49,2023,11,23,9,3,0
TXN000168,198.88,PAYMENT,2023-06-26 21:23:34,2023,6,26,21,0,0
TXN000169,446.34,WITHDRAWAL,2023-10-20 13:04:09,2023,10,20,13,4,0
TXN000170,393.17,PAYMENT,2023-12-25 10:44:56,2023,12,25,10,0,0
TXN000171,1750.26,DEPOSIT,2023-12-04 14:24:39,2023,12,4,14,0,0
TXN000172,1417.98,TRANSFER,2023-09-12 10:25:12,2023,9,12,10,1,0
TXN000173,231.29,WITHDRAWAL,2023-03-12 22:52:25,2023,3,12,22,6,1
TXN000174,3432.28,DEPOSIT,2023-11-18 23:31:57,2023,11,18,23,5,1
TXN000175,542.08,TRANSFER,2023-06-17 15:07:40,2023,6,17,15,5,1
TXN000176,176.63,REFUND,2023-09-04 10:44:44,2023,9,4,10,0,0
TXN000177,489.15,REFUND,2023-04-26 14:28:09,2023,4,26,14,2,0
TXN000178,387.83,WITHDRAWAL,2023-10-13 13:19:02,2023,10,13,13,4,0
TXN000179,404.59,WITHDRAWAL,2023-03-05 16:33:29,2023,3,5,16,6,1
TXN000180,204.83,PAYMENT,2023-12-11 09:32:42,2023,12,11,9,0,0
TXN000181,328.59,PAYMENT,2023-11-23 13:31:29,2023,11,23,13,3,0
TXN000182,500.31,PAYMENT,2023-04-30 17:09:57,2023,4,30,17,6,1
TXN000183,222.91,WITHDRAWAL,2023-04-24 23:34:49,2023,4,24,23,0,0
TXN000184,3297.28,DEPOSIT,2023-03-01 05:05:20,2023,3,1,5,2,0
TXN000185,2832.39,DEPOSIT,2023-01-20 11:04:53,2023,1,20,11,4,0
TXN000186,5000.0,DEPOSIT,2023-03-21 15:06:19,2023,3,21,15,1,0
TXN000187,1225.57,DEPOSIT,2023-05-01 13:12:17,2023,5,1,13,0,0
TXN000188,792.58,TRANSFER,2023-12-18 13:22:27,2023,12,18,13,0,0
TXN000189,789.65,PAYMENT,2023-11-27 13:03:32,2023,11,27,13,0,0
TXN000190,459.59,TRANSFER,2023-03-31 04:00:08,2023,3,31,4,4,0
TXN000191,170.3,REFUND,2023-01-14 04:47:55,2023,1,14,4,5,1
TXN000192,5000.0,DEPOSIT,2023-05-02 21:26:22,2023,5,2,21,1,0
TXN000193,5.0,PAYMENT,2023-03-31 09:39:42,2023,3,31,9,4,0
TXN000194,2000.0,TRANSFER,2023-08-04 19:09:15,2023,8,4,19,4,0
TXN000195,1360.96,DEPOSIT,2023-02-02 17:20:22,2023,2,2,17,3,0
TXN000196,501.36,PAYMENT,2023-08-20 18:20:39,2023,8,20,18,6,1
TXN000197,4792.04,DEPOSIT,2023-12-04 18:59:07,2023,12,4,18,0,0
TXN000198,694.25,PAYMENT,2023-11-26 01:08:02,2023,11,26,1,6,1
TXN000199,73.61,REFUND,2023-06-14 22:08:50,2023,6,14,22,2,0
TXN000200,342.73,TRANSFER,2023-03-06 10:00:46,2023,3,6,10,0,0
TXN000201,1832.66,DEPOSIT,2023-04-21 15:39:30,2023,4,21,15,4,0
TXN000202,374.21,REFUND,2023-04-27 15:03:59,2023,4,27,15,3,0
TXN000203,2531.84,DEPOSIT,2023-08-21 14:31:02,2023,8,21,14,0,0
TXN000204,516.02,PAYMENT,2023-12-07 09:16:48,2023,12,7,9,3,0
TXN000205,395.05,PAYMENT,2023-03-20 17:16:03,2023,3,20,17,0,0
TXN000206,965.17,PAYMENT,2023-12-07 15:23:55,2023,12,7,15,3,0
TXN000207,474.91,PAYMENT,2023-01-27 10:28:20,2023,1,27,10,4,0
TXN000208,745.36,PAYMENT,2023-10-12 13:22:56,2023,10,12,13,3,0
TXN000209,241.07,WITHDRAWAL,2023-05-23 20:54:08,2023,5,23,20,1,0
TXN000210,97.39,WITHDRAWAL,2023-12-03 09:44:14,2023,12,3,9,6,1
TXN000211,26.71,PAYMENT,2023-04-21 13:41:48,2023,4,21,13,4,0
TXN000212,899.84,TRANSFER,2023-01-27 05:39:52,2023,1,27,5,4,0
TXN000213,687.06,PAYMENT,2023-02-28 12:34:02,2023,2,28,12,1,0
TXN000214,437.2,WITHDRAWAL,2023-05-26 21:35:43,2023,5,26,21,4,0
TXN000215,634.83,TRANSFER,2023-12-08 11:13:45,2023,12,8,11,4,0
TXN000216,537.25,TRANSFER,2023-07-22 21:49:14,2023,7,22,21,5,1
TXN000217,289.07,REFUND,2023-08-09 06:23:48,2023,8,9,6,2,0
TXN000218,128.32,WITHDRAWAL,2023-12-09 12:53:41,2023,12,9,12,5,1
TXN000219,286.61,REFUND,2023-01-22 15:52:56,2023,1,22,15,6,1
TXN000220,571.83,PAYMENT,2023-02-09 11:23:53,2023,2,9,11,3,0
TXN000221,246.96,WITHDRAWAL,2023-08-02 10:32:27,2023,8,2,10,2,0
TXN000222,644.1,TRANSFER,2023-01-11 11:49:28,2023,1,11,11,2,0
TXN000223,2000.0,TRANSFER,2023-11-13 16:45:05,2023,11,13,16,0,0
TXN000224,864.55,TRANSFER,2023-07-25 19:04:36,2023,7,25,19,1,0
TXN000225,524.17,TRANSFER,2023-06-08 12:21:40,2023,6,8,12,3,0
TXN000226,482.27,DEPOSIT,2023-06-28 12:46:59,2023,6,28,12,2,0
TXN000227,83.14,REFUND,2023-03-16 09:19:10,2023,3,16,9,3,0
TXN000228,635.7,PAYMENT,2023-10-16 21:05:52,2023,10,16,21,0,0
TXN000229,296.56,PAYMENT,2023-11-16 11:46:03,2023,11,16,11,3,0
TXN000230,426.91,PAYMENT,2023-11-18 11:30:36,2023,11,18,11,5,1
TXN000231,531.07,PAYMENT,2023-06-05 10:00:02,2023,6,5,10,0,0
TXN000232,2000.0,TRANSFER,2023-06-30 18:28:17,2023,6,30,18,4,0
TXN000233,757.86,PAYMENT,2023-08-25 16:27:13,2023,8,25,16,4,0
TXN000234,279.93,WITHDRAWAL,2023-07-08 10:27:07,2023,7,8,10,5,1
TXN000235,5000.0,DEPOSIT,2023-11-06 17:19:01,2023,11,6,17,0,0
TXN000236,3498.4,DEPOSIT,2023-02-01 16:24:10,2023,2,1,16,2,0
TXN000237,434.03,DEPOSIT,2023-05-25 14:06:19,2023,5,25,14,3,0
TXN000238,433.32,WITHDRAWAL,2023-06-23 21:46:06,2023,6,23,21,4,0
TXN000239,790.25,TRANSFER,2023-07-17 10:20:43,2023,7,17,10,0,0
TXN000240,37.5,PAYMENT,2023-03-14 12:44:11,2023,3,14,12,1,0
TXN000241,377.79,WITHDRAWAL,2023-12-02 14:16:14,2023,12,2,14,5,1
TXN000242,877.26,TRANSFER,2023-03-07 19:09:55,2023,3,7,19,1,0
TXN000243,1713.04,DEPOSIT,2023-01-10 13:12:06,2023,1,10,13,1,0
TXN000244,355.57,WITHDRAWAL,2023-04-20 12:26:31,2023,4,20,12,3,0
TXN000245,500.96,PAYMENT,2023-03-12 05:38:28,2023,3,12,5,6,1
TXN000246,308.37,WITHDRAWAL,2023-03-26 15:56:06,2023,3,26,15,6,1
TXN000247,471.93,PAYMENT,2023-11-09 10:22:26,2023,11,9,10,3,0
TXN000248,1632.0,DEPOSIT,2023-06-08 17:04:34,2023,6,8,17,3,0
TXN000249,718.24,DEPOSIT,2023-04-10 13:23:33,2023,4,10,13,0,0
TXN000250,318.52,WITHDRAWAL,2023-10-20 16:02:29,2023,10,20,16,4,0
TXN000251,2000.0,TRANSFER,2023-05-25 13:54:12,2023,5,25,13,3,0
TXN000252,1342.53,DEPOSIT,2023-03-17 15:55:40,2023,3,17,15,4,0
TXN000253,902.71,DEPOSIT,2023-04-24 16:25:30,2023,4,24,16,0,0
TXN000254,1108.3,DEPOSIT,2023-01-14 15:06:21,2023,1,14,15,5,1
TXN000255,550.34,DEPOSIT,2023-09-15 13:36:55,2023,9,15,13,4,0
TXN000256,237.02,WITHDRAWAL,2023-02-11 13:39:00,2023,2,11,13,5,1
TXN000257,477.14,PAYMENT,2023-11-29 12:12:27,2023,11,29,12,2,0
TXN000258,512.98,PAYMENT,2023-08-29 16:19:59,2023,8,29,16,1,0
TXN000259,714.27,PAYMENT,2023-11-08 19:12:56,2023,11,8,19,2,0
TXN000260,348.18,PAYMENT,2023-11-15 16:38:34,2023,11,15,16,2,0
TXN000261,1118.76,DEPOSIT,2023-03-15 10:36:17,2023,3,15,10,2,0
TXN000262,197.02,PAYMENT,2023-11-11 12:50:44,2023,11,11,12,5,1
TXN000263,346.65,PAYMENT,2023-09-17 20:10:33,2023,9,17,20,6,1
TXN000264,42.79,PAYMENT,2023-07-11 09:14:06,2023,7,11,9,1,0
TXN000265,3425.23,DEPOSIT,2023-10-25 12:06:23,2023,10,25,12,2,0
TXN000266,305.48,TRANSFER,2023-06-30 19:52:47,2023,6,30,19,4,0
TXN000267,260.65,PAYMENT,2023-10-06 17:14:09,2023,10,6,17,4,0
TXN000268,269.54,WITHDRAWAL,2023-07-24 16:00:37,2023,7,24,16,0,0
TXN000269,300.89,PAYMENT,2023-07-17 12:20:38,2023,7,17,12,0,0
TXN000270,151.45,WITHDRAWAL,2023-09-12 18:06:51,2023,9,12,18,1,0
TXN000271,741.59,DEPOSIT,2023-04-03 19:51:36,2023,4,3,19,0,0
TXN000272,181.48,WITHDRAWAL,2023-06-01 11:09:33,2023,6,1,11,3,0
TXN000273,2063.96,DEPOSIT,2023-06-29 16:16:46,2023,6,29,16,3,0
TXN000274,729.0,PAYMENT,2023-07-27 13:13:39,2023,7,27,13,3,0
TXN000275,285.1,PAYMENT,2023-07-16 20:39:09,2023,7,16,20,6,1
TXN000276,501.68,PAYMENT,2023-03-20 16:22:52,2023,3,20,16,0,0
TXN000277,392.92,PAYMENT,2023-07-10 16:09:48,2023,7,10,16,0,0
TXN000278,5000.0,DEPOSIT,2023-05-08 04:07:49,2023,5,8,4,0,0
TXN000279,427.49,WITHDRAWAL,2023-05-14 16:14:53,2023,5,14,16,6,1
TXN000280,176.72,PAYMENT,2023-11-10 10:23:51,2023,11,10,10,4,0
TXN000281,263.32,WITHDRAWAL,2023-02-07 16:27:30,2023,2,7,16,1,0
TXN000282,1919.26,DEPOSIT,2023-06-13 12:38:57,2023,6,13,12,1,0
TXN000283,1201.49,DEPOSIT,2023-10-09 19:44:23,2023,10,9,19,0,0
TXN000284,1050.49,DEPOSIT,2023-07-05 18:31:23,2023,7,5,18,2,0
TXN000285,893.31,DEPOSIT,2023-07-29 20:55:53,2023,7,29,20,5,1
TXN000286,435.33,TRANSFER,2023-06-12 23:23:12,2023,6,12,23,0,0
TXN000287,234.06,DEPOSIT,2023-08-27 18:50:11,2023,8,27,18,6,1
TXN000288,337.22,REFUND,2023-03-08 15:45:04,2023,3,8,15,2,0
TXN000289,2368.48,DEPOSIT,2023-06-05 05:59:41,2023,6,5,5,0,0
TXN000290,629.11,TRANSFER,2023-10-10 09:59:32,2023,10,10,9,1,0
TXN000291,377.3,TRANSFER,2023-01-15 02:57:26,2023,1,15,2,6,1
TXN000292,370.02,PAYMENT,2023-11-25 20:59:58,2023,11,25,20,5,1
TXN000293,2000.0,TRANSFER,2023-04-18 20:49:51,2023,4,18,20,1,0
TXN000294,454.35,WITHDRAWAL,2023-11-18 19:51:49,2023,11,18,19,5,1
TXN000295,362.07,PAYMENT,2023-06-04 17:35:00,2023,6,4,17,6,1
TXN000296,139.75,WITHDRAWAL,2023-12-17 14:47:07,2023,12,17,14,6,1
TXN000297,388.42,PAYMENT,2023-02-07 02:10:52,2023,2,7,2,1,0
TXN000298,426.2,PAYMENT,2023-08-01 17:37:51,2023,8,1,17,1,0
TXN000299,123.3,WITHDRAWAL,2023-06-13 12:34:28,2023,6,13,12,1,0
TXN000300,569.1,PAYMENT,2023-03-08 13:29:27,2023,3,8,13,2,0
TXN000301,465.55,PAYMENT,2023-02-24 11:37:07,2023,2,24,11,4,0
TXN000302,1251.17,DEPOSIT,2023-03-14 03:31:29,2023,3,14,3,1,0
TXN000303,1070.87,DEPOSIT,2023-03-23 11:55:17,2023,3,23,11,3,0
TXN000304,691.61,PAYMENT,2023-09-13 18:44:26,2023,9,13,18,2,0
TXN000305,322.57,PAYMENT,2023-06-07 18:06:31,2023,6,7,18,2,0
TXN000306,500.0,WITHDRAWAL,2023-07-21 18:24:09,2023,7,21,18,4,0
TXN000307,280.37,WITHDRAWAL,2023-05-27 19:32:25,2023,5,27,19,5,1
TXN000308,1861.83,DEPOSIT,2023-02-25 15:41:22,2023,2,25,15,5,1
TXN000309,2561.21,DEPOSIT,2023-05-16 13:19:03,2023,5,16,13,1,0
TXN000310,2000.0,TRANSFER,2023-10-19 20:27:18,2023,10,19,20,3,0
TXN000311,1077.27,DEPOSIT,2023-10-11 10:30:27,2023,10,11,10,2,0
TXN000312,2775.16,DEPOSIT,2023-07-21 13:35:15,2023,7,21,13,4,0
TXN000313,2677.36,DEPOSIT,2023-07-25 18:12:26,2023,7,25,18,1,0
TXN000314,759.94,PAYMENT,2023-08-31 18:54:29,2023,8,31,18,3,0
TXN000315,227.58,WITHDRAWAL,2023-11-07 18:46:08,2023,11,7,18,1,0
TXN000316,1437.03,TRANSFER,2023-11-10 11:35:50,2023,11,10,11,4,0
TXN000317,178.83,WITHDRAWAL,2023-12-29 20:29:43,2023,12,29,20,4,0
TXN000318,20.0,WITHDRAWAL,2023-01-09 13:24:41,2023,1,9,13,0,0
TXN000319,109.41,PAYMENT,2023-12-19 22:54:38,2023,12,19,22,1,0
TXN000320,682.04,TRANSFER,2023-08-31 09:40:03,2023,8,31,9,3,0
TXN000321,367.09,WITHDRAWAL,2023-10-24 21:01:51,2023,10,24,21,1,0
TXN000322,526.29,PAYMENT,2023-01-27 21:14:43,2023,1,27,21,4,0
TXN000323,1978.23,DEPOSIT,2023-08-14 11:25:16,2023,8,14,11,0,0
TXN000324,328.27,WITHDRAWAL,2023-11-10 17:10:14,2023,11,10,17,4,0
TXN000325,2605.3,DEPOSIT,2023-09-02 19:07:55,2023,9,2,19,5,1
TXN000326,812.77,PAYMENT,2023-03-30 16:44:09,2023,3,30,16,3,0
TXN000327,455.92,TRANSFER,2023-06-25 19:53:21,2023,6,25,19,6,1
TXN000328,308.46,WITHDRAWAL,2023-04-26 10:50:08,2023,4,26,10,2,0
TXN000329,5000.0,DEPOSIT,2023-09-08 11:32:35,2023,9,8,11,4,0
TXN000330,928.78,TRANSFER,2023-10-21 19:46:37,2023,10,21,19,5,1
TXN000331,414.44,WITHDRAWAL,2023-03-16 10:34:30,2023,3,16,10,3,0
TXN000332,1214.5,DEPOSIT,2023-02-10 12:36:38,2023,2,10,12,4,0
TXN000333,3747.64,DEPOSIT,2023-12-09 19:20:04,2023,12,9,19,5,1
TXN000334,744.67,PAYMENT,2023-06-19 17:11:58,2023,6,19,17,0,0
TXN000335,96.49,PAYMENT,2023-03-22 14:48:54,2023,3,22,14,2,0
TXN000336,293.72,WITHDRAWAL,2023-09-01 17:23:00,2023,9,1,17,4,0
TXN000337,1986.79,DEPOSIT,2023-05-28 11:41:36,2023,5,28,11,6,1
TXN000338,360.27,WITHDRAWAL,2023-07-23 18:02:10,2023,7,23,18,6,1
TXN000339,547.41,PAYMENT,2023-05-29 01:21:50,2023,5,29,1,0,0
TXN000340,1000.0,PAYMENT,2023-10-18 21:56:47,2023,10,18,21,2,0
TXN000341,5000.0,DEPOSIT,2023-06-21 10:21:38,2023,6,21,10,2,0
TXN000342,1079.72,TRANSFER,2023-03-10 18:21:28,2023,3,10,18,4,0
TXN000343,564.75,PAYMENT,2023-11-24 14:45:48,2023,11,24,14,4,0
TXN000344,218.99,PAYMENT,2023-09-21 11:56:22,2023,9,21,11,3,0
TXN000345,282.07,WITHDRAWAL,2023-03-13 17:23:00,2023,3,13,17,0,0
TXN000346,729.47,TRANSFER,2023-05-01 16:15:54,2023,5,1,16,0,0
TXN000347,1000.0,PAYMENT,2023-07-04 08:36:12,2023,7,4,8,1,0
TXN000348,322.87,WITHDRAWAL,2023-03-02 16:56:40,2023,3,2,16,3,0
TXN000349,4083.05,DEPOSIT,2023-12-27 11:19:20,2023,12,27,11,2,0
TXN000350,1087.42,DEPOSIT,2023-11-24 10:44:31,2023,11,24,10,4,0
TXN000351,362.27,WITHDRAWAL,2023-11-07 13:36:11,2023,11,7,13,1,0
TXN000352,105.18,TRANSFER,2023-10-09 17:08:32,2023,10,9,17,0,0
TXN000353,412.42,WITHDRAWAL,2023-12-27 13:10:19,2023,12,27,13,2,0
TXN000354,298.9,PAYMENT,2023-10-16 04:05:07,2023,10,16,4,0,0
TXN000355,704.48,DEPOSIT,2023-10-08 18:24:15,2023,10,8,18,6,1
TXN000356,1538.51,DEPOSIT,2023-10-02 05:27:21,2023,10,2,5,0,0
TXN000357,702.6,PAYMENT,2023-09-24 16:05:12,2023,9,24,16,6,1
TXN000358,241.13,WITHDRAWAL,2023-09-19 16:13:10,2023,9,19,16,1,0
TXN000359,249.47,PAYMENT,2023-08-22 20:31:52,2023,8,22,20,1,0
TXN000360,316.44,REFUND,2023-08-25 11:13:12,2023,8,25,11,4,0
TXN000361,914.62,DEPOSIT,2023-04-22 21:03:20,2023,4,22,21,5,1
TXN000362,232.14,REFUND,2023-02-05 17:11:15,2023,2,5,17,6,1
TXN000363,333.96,PAYMENT,2023-07-11 13:55:32,2023,7,11,13,1,0
TXN000364,539.64,PAYMENT,2023-07-13 13:40:36,2023,7,13,13,3,0
TXN000365,1581.18,DEPOSIT,2023-12-05 19:38:07,2023,12,5,19,1,0
TXN000366,1962.22,DEPOSIT,2023-10-03 14:18:38,2023,10,3,14,1,0
TXN000367,5000.0,DEPOSIT,2023-06-02 16:51:26,2023,6,2,16,4,0
TXN000368,714.88,DEPOSIT,2023-10-06 15:26:31,2023,10,6,15,4,0
TXN000369,847.91,PAYMENT,2023-04-28 09:00:41,2023,4,28,9,4,0
TXN000370,59.12,WITHDRAWAL,2023-03-21 10:02:09,2023,3,21,10,1,0
TXN000371,118.7,WITHDRAWAL,2023-02-21 21:37:29,2023,2,21,21,1,0
TXN000372,2040.12,DEPOSIT,2023-01-23 14:38:45,2023,1,23,14,0,0
TXN000373,597.25,TRANSFER,2023-12-11 11:40:30,2023,12,11,11,0,0
TXN000374,323.33,WITHDRAWAL,2023-03-15 18:58:41,2023,3,15,18,2,0
TXN000375,412.48,PAYMENT,2023-06-03 10:01:04,2023,6,3,10,5,1
TXN000376,1639.47,DEPOSIT,2023-08-07 20:14:16,2023,8,7,20,0,0
TXN000377,480.31,PAYMENT,2023-09-26 11:36:17,2023,9,26,11,1,0
TXN000378,1775.41,DEPOSIT,2023-04-05 19:35:07,2023,4,5,19,2,0
TXN000379,1875.81,DEPOSIT,2023-04-26 10:56:58,2023,4,26,10,2,0
TXN000380,1561.69,DEPOSIT,2023-03-15 16:51:29,2023,3,15,16,2,0
TXN000381,415.27,PAYMENT,2023-10-13 19:17:47,2023,10,13,19,4,0
TXN000382,1442.93,DEPOSIT,2023-05-05 09:17:02,2023,5,5,9,4,0
TXN000383,560.87,PAYMENT,2023-10-28 20:20:49,2023,10,28,20,5,1
TXN000384,290.33,WITHDRAWAL,2023-04-17 12:07:22,2023,4,17,12,0,0
TXN000385,339.01,PAYMENT,2023-03-02 17:26:13,2023,3,2,17,3,0
TXN000386,318.1,TRANSFER,2023-05-25 13:51:34,2023,5,25,13,3,0
TXN000387,455.77,DEPOSIT,2023-11-29 13:04:48,2023,11,29,13,2,0
TXN000388,2000.0,TRANSFER,2023-08-29 11:39:33,2023,8,29,11,1,0
TXN000389,249.4,TRANSFER,2023-01-09 09:29:40,2023,1,9,9,0,0
TXN000390,162.04,WITHDRAWAL,2023-04-28 13:49:46,2023,4,28,13,4,0
TXN000391,690.64,PAYMENT,2023-12-17 12:17:25,2023,12,17,12,6,1
TXN000392,90.44,WITHDRAWAL,2023-06-30 06:09:45,2023,6,30,6,4,0
TXN000393,66.32,PAYMENT,2023-10-07 17:46:44,2023,10,7,17,5,1
TXN000394,435.42,TRANSFER,2023-12-04 17:45:44,2023,12,4,17,0,0
TXN000395,744.24,PAYMENT,2023-10-02 10:26:16,2023,10,2,10,0,0
TXN000396,494.8,PAYMENT,2023-11-14 19:10:03,2023,11,14,19,1,0
TXN000397,500.0,WITHDRAWAL,2023-02-10 13:34:56,2023,2,10,13,4,0
TXN000398,340.67,WITHDRAWAL,2023-08-24 20:34:15,2023,8,24,20,3,0
TXN000399,618.34,DEPOSIT,2023-11-29 01:09:12,2023,11,29,1,2,0
TXN000400,272.1,WITHDRAWAL,2023-07-14 13:43:56,2023,7,14,13,4,0
TXN000401,470.66,DEPOSIT,2023-01-29 23:10:59,2023,1,29,23,6,1
TXN000402,639.78,PAYMENT,2023-12-21 20:38:09,2023,12,21,20,3,0
TXN000403,385.8,PAYMENT,2023-10-18 14:10:07,2023,10,18,14,2,0
TXN000404,2642.16,DEPOSIT,2023-10-04 12:04:40,2023,10,4,12,2,0
TXN000405,5000.0,DEPOSIT,2023-06-27 01:57:18,2023,6,27,1,1,0
TXN000406,893.16,PAYMENT,2023-08-19 17:51:44,2023,8,19,17,5,1
TXN000407,1527.4,DEPOSIT,2023-10-11 13:40:07,2023,10,11,13,2,0
TXN000408,356.79,WITHDRAWAL,2023-05-07 02:40:34,2023,5,7,2,6,1
TXN000409,415.93,PAYMENT,2023-03-20 13:50:07,2023,3,20,13,0,0
TXN000410,551.89,PAYMENT,2023-06-12 13:07:57,2023,6,12,13,0,0
TXN000411,512.14,DEPOSIT,2023-01-03 11:13:25,2023,1,3,11,1,0
TXN000412,164.19,WITHDRAWAL,2023-05-19 03:43:19,2023,5,19,3,4,0
TXN000413,645.27,PAYMENT,2023-04-06 15:41:29,2023,4,6,15,3,0
TXN000414,66.3,PAYMENT,2023-10-12 18:39:26,2023,10,12,18,3,0
TXN000415,526.21,PAYMENT,2023-06-16 14:01:33,2023,6,16,14,4,0
TXN000416,2000.26,DEPOSIT,2023-07-31 14:07:09,2023,7,31,14,0,0
TXN000417,2818.2,DEPOSIT,2023-03-28 13:51:43,2023,3,28,13,1,0
TXN000418,514.12,DEPOSIT,2023-05-18 10:57:49,2023,5,18,10,3,0
TXN000419,82.22,PAYMENT,2023-05-22 15:19:54,2023,5,22,15,0,0
TXN000420,748.05,PAYMENT,2023-02-09 13:08:53,2023,2,9,13,3,0
TXN000421,2001.55,DEPOSIT,2023-03-11 11:05:32,2023,3,11,11,5,1
TXN000422,419.21,PAYMENT,2023-07-14 11:59:53,2023,7,14,11,4,0
TXN000423,114.96,PAYMENT,2023-03-11 10:56:18,2023,3,11,10,5,1
TXN000424,488.79,TRANSFER,2023-05-24 14:18:22,2023,5,24,14,2,0
TXN000425,231.91,PAYMENT,2023-07-29 18:10:44,2023,7,29,18,5,1
TXN000426,733.71,PAYMENT,2023-03-20 15:24:20,2023,3,20,15,0,0
TXN000427,101.68,WITHDRAWAL,2023-02-07 16:21:00,2023,2,7,16,1,0
TXN000428,446.22,PAYMENT,2023-12-03 12:55:31,2023,12,3,12,6,1
TXN000429,1294.14,TRANSFER,2023-06-19 15:40:20,2023,6,19,15,0,0
TXN000430,656.39,PAYMENT,2023-02-20 09:25:13,2023,2,20,9,0,0
TXN000431,389.63,PAYMENT,2023-07-20 16:51:34,2023,7,20,16,3,0
TXN000432,659.94,PAYMENT,2023-10-29 18:13:17,2023,10,29,18,6,1
TXN000433,3336.21,DEPOSIT,2023-01-13 17:34:37,2023,1,13,17,4,0
TXN000434,1929.24,DEPOSIT,2023-08-01 03:07:33,2023,8,1,3,1,0
TXN000435,613.6,PAYMENT,2023-03-14 12:40:56,2023,3,14,12,1,0
TXN000436,226.11,REFUND,2023-06-28 17:20:11,2023,6,28,17,2,0
TXN000437,1661.53,TRANSFER,2023-12-23 16:28:23,2023,12,23,16,5,1
TXN000438,631.38,TRANSFER,2023-08-07 16:49:22,2023,8,7,16,0,0
TXN000439,91.38,WITHDRAWAL,2023-04-11 16:39:32,2023,4,11,16,1,0
TXN000440,2587.97,DEPOSIT,2023-11-24 11:24:38,2023,11,24,11,4,0
TXN000441,752.81,DEPOSIT,2023-11-09 14:17:31,2023,11,9,14,3,0
TXN000442,820.38,PAYMENT,2023-06-28 12:48:55,2023,6,28,12,2,0
TXN000443,2411.15,DEPOSIT,2023-12-28 10:49:46,2023,12,28,10,3,0
TXN000444,22.49,PAYMENT,2023-03-14 18:35:54,2023,3,14,18,1,0
TXN000445,364.13,WITHDRAWAL,2023-03-30 20:12:13,2023,3,30,20,3,0
TXN000446,572.9,PAYMENT,2023-08-19 22:33:07,2023,8,19,22,5,1
TXN000447,3067.2,DEPOSIT,2023-04-10 13:58:44,2023,4,10,13,0,0
TXN000448,514.2,PAYMENT,2023-08-16 17:47:34,2023,8,16,17,2,0
TXN000449,403.87,REFUND,2023-04-23 10:38:04,2023,4,23,10,6,1
TXN000450,177.99,WITHDRAWAL,2023-04-26 19:34:25,2023,4,26,19,2,0
TXN000451,731.31,PAYMENT,2023-10-06 13:21:25,2023,10,6,13,4,0
TXN000452,291.34,REFUND,2023-12-01 09:00:44,2023,12,1,9,4,0
TXN000453,84.15,PAYMENT,2023-01-17 16:22:27,2023,1,17,16,1,0
TXN000454,65.05,PAYMENT,2023-02-14 15:59:09,2023,2,14,15,1,0
TXN000455,1363.1,DEPOSIT,2023-03-28 11:47:01,2023,3,28,11,1,0
TXN000456,163.43,WITHDRAWAL,2023-05-30 10:32:03,2023,5,30,10,1,0
TXN000457,27.96,WITHDRAWAL,2023-09-21 03:28:01,2023,9,21,3,3,0
TXN000458,202.16,PAYMENT,2023-03-09 09:05:25,2023,3,9,9,3,0
TXN000459,1518.11,DEPOSIT,2023-06-14 09:00:47,2023,6,14,9,2,0
TXN000460,347.85,TRANSFER,2023-12-13 14:17:52,2023,12,13,14,2,0
TXN000461,2000.0,TRANSFER,2023-08-01 13:39:34,2023,8,1,13,1,0
TXN000462,1019.11,DEPOSIT,2023-05-23 13:26:14,2023,5,23,13,1,0
TXN000463,396.93,REFUND,2023-09-07 11:54:58,2023,9,7,11,3,0
TXN000464,905.75,PAYMENT,2023-02-17 16:41:29,2023,2,17,16,4,0
TXN000465,1145.7,DEPOSIT,2023-10-01 14:28:49,2023,10,1,14,6,1
TXN000466,1073.48,DEPOSIT,2023-06-15 10:19:31,2023,6,15,10,3,0
TXN000467,379.13,PAYMENT,2023-09-06 12:30:54,2023,9,6,12,2,0
TXN000468,231.7,REFUND,2023-01-25 01:40:21,2023,1,25,1,2,0
TXN000469,499.46,TRANSFER,2023-08-24 00:35:34,2023,8,24,0,3,0
TXN000470,210.57,PAYMENT,2023-03-22 16:04:00,2023,3,22,16,2,0
TXN000471,587.98,PAYMENT,2023-11-29 06:01:35,2023,11,29,6,2,0
TXN000472,1282.49,DEPOSIT,2023-11-17 11:07:23,2023,11,17,11,4,0
TXN000473,5000.0,DEPOSIT,2023-12-27 03:27:55,2023,12,27,3,2,0
TXN000474,735.79,PAYMENT,2023-03-03 15:22:33,2023,3,3,15,4,0
TXN000475,1296.95,DEPOSIT,2023-02-15 03:43:45,2023,2,15,3,2,0
TXN000476,2765.13,DEPOSIT,2023-07-08 10:53:43,2023,7,8,10,5,1
TXN000477,1040.07,TRANSFER,2023-08-14 12:47:10,2023,8,14,12,0,0
TXN000478,772.05,PAYMENT,2023-02-14 03:39:28,2023,2,14,3,1,0
TXN000479,427.93,DEPOSIT,2023-06-29 15:38:00,2023,6,29,15,3,0
TXN000480,109.12,WITHDRAWAL,2023-03-13 09:01:17,2023,3,13,9,0,0
TXN000481,293.32,PAYMENT,2023-02-13 09:02:07,2023,2,13,9,0,0
TXN000482,1721.89,DEPOSIT,2023-12-04 10:58:57,2023,12,4,10,0,0
TXN000483,363.35,PAYMENT,2023-11-07 18:33:04,2023,11,7,18,1,0
TXN000484,286.03,PAYMENT,2023-07-20 10:45:37,2023,7,20,10,3,0
TXN000485,1941.74,TRANSFER,2023-05-03 18:01:05,2023,5,3,18,2,0
TXN000486,220.96,PAYMENT,2023-03-09 14:05:03,2023,3,9,14,3,0
TXN000487,288.8,WITHDRAWAL,2023-10-19 15:19:23,2023,10,19,15,3,0
TXN000488,578.51,PAYMENT,2023-01-31 14:29:23,2023,1,31,14,1,0
TXN000489,931.44,TRANSFER,2023-08-05 14:38:47,2023,8,5,14,5,1
TXN000490,1193.02,TRANSFER,2023-03-21 19:31:45,2023,3,21,19,1,0
TXN000491,753.37,PAYMENT,2023-11-29 23:24:59,2023,11,29,23,2,0
TXN000492,883.51,PAYMENT,2023-01-16 12:11:50,2023,1,16,12,0,0
TXN000493,1288.9,DEPOSIT,2023-05-20 19:04:22,2023,5,20,19,5,1
TXN000494,295.15,PAYMENT,2023-09-12 16:34:23,2023,9,12,16,1,0
TXN000495,2422.13,DEPOSIT,2023-03-27 13:23:13,2023,3,27,13,0,0
TXN000496,602.1,PAYMENT,2023-01-07 08:54:13,2023,1,7,8,5,1
TXN000497,3334.25,DEPOSIT,2023-07-06 13:56:37,2023,7,6,13,3,0
TXN000498,68.19,REFUND,2023-12-02 15:16:07,2023,12,2,15,5,1
TXN000499,689.88,PAYMENT,2023-05-08 15:09:19,2023,5,8,15,0,0
TXN000500,166.63,PAYMENT,2023-06-13 09:52:34,2023,6,13,9,1,0
TXN000501,568.81,PAYMENT,2023-10-20 13:34:24,2023,10,20,13,4,0
TXN000502,402.66,PAYMENT,2023-06-09 11:54:59,2023,6,9,11,4,0
TXN000503,402.11,REFUND,2023-10-30 17:57:45,2023,10,30,17,0,0
TXN000504,212.52,TRANSFER,2023-05-06 05:28:55,2023,5,6,5,5,1
TXN000505,1994.68,DEPOSIT,2023-01-05 12:11:51,2023,1,5,12,3,0
TXN000506,2403.33,DEPOSIT,2023-05-02 15:17:06,2023,5,2,15,1,0
TXN000507,216.45,WITHDRAWAL,2023-07-10 16:41:31,2023,7,10,16,0,0
TXN000508,545.94,PAYMENT,2023-02-13 21:08:42,2023,2,13,21,0,0
TXN000509,202.38,WITHDRAWAL,2023-07-21 11:52:42,2023,7,21,11,4,0
TXN000510,745.82,TRANSFER,2023-05-20 08:30:19,2023,5,20,8,5,1
TXN000511,297.93,REFUND,2023-10-27 03:58:03,2023,10,27,3,4,0
TXN000512,1138.15,DEPOSIT,2023-04-17 16:27:13,2023,4,17,16,0,0
TXN000513,1560.83,DEPOSIT,2023-05-16 04:21:57,2023,5,16,4,1,0
TXN000514,5.0,PAYMENT,2023-12-18 11:04:34,2023,12,18,11,0,0
TXN000515,79.38,PAYMENT,2023-12-23 21:57:56,2023,12,23,21,5,1
TXN000516,202.2,REFUND,2023-06-17 05:24:01,2023,6,17,5,5,1
TXN000517,112.42,WITHDRAWAL,2023-05-08 12:57:07,2023,5,8,12,0,0
TXN000518,458.29,PAYMENT,2023-01-26 10:52:49,2023,1,26,10,3,0
TXN000519,781.56,PAYMENT,2023-03-13 04:25:19,2023,3,13,4,0,0
TXN000520,417.27,WITHDRAWAL,2023-07-25 13:33:10,2023,7,25,13,1,0
TXN000521,224.98,REFUND,2023-05-13 02:43:48,2023,5,13,2,5,1
TXN000522,268.99,TRANSFER,2023-08-16 04:41:20,2023,8,16,4,2,0
TXN000523,112.73,WITHDRAWAL,2023-06-19 04:27:39,2023,6,19,4,0,0
TXN000524,459.22,WITHDRAWAL,2023-07-22 18:03:48,2023,7,22,18,5,1
TXN000525,363.61,REFUND,2023-12-16 15:32:03,2023,12,16,15,5,1
TXN000526,1469.31,DEPOSIT,2023-08-17 05:24:41,2023,8,17,5,3,0
TXN000527,1839.35,DEPOSIT,2023-06-01 18:09:50,2023,6,1,18,3,0
TXN000528,232.47,WITHDRAWAL,2023-10-09 17:26:27,2023,10,9,17,0,0
TXN000529,1008.93,TRANSFER,2023-05-24 13:56:42,2023,5,24,13,2,0
TXN000530,1693.68,DEPOSIT,2023-09-27 09:04:16,2023,9,27,9,2,0
TXN000531,1186.08,TRANSFER,2023-07-03 17:27:53,2023,7,3,17,0,0
TXN000532,1200.23,TRANSFER,2023-09-06 12:31:33,2023,9,6,12,2,0
TXN000533,267.59,PAYMENT,2023-09-15 11:42:33,2023,9,15,11,4,0
TXN000534,2244.86,DEPOSIT,2023-08-30 19:16:33,2023,8,30,19,2,0
TXN000535,1829.14,TRANSFER,2023-02-21 09:01:27,2023,2,21,9,1,0
TXN000536,624.74,PAYMENT,2023-07-18 12:55:04,2023,7,18,12,1,0
TXN000537,2339.71,DEPOSIT,2023-06-12 13:03:46,2023,6,12,13,0,0
TXN000538,169.11,WITHDRAWAL,2023-04-07 17:55:17,2023,4,7,17,4,0
TXN000539,958.28,DEPOSIT,2023-03-31 17:51:22,2023,3,31,17,4,0
TXN000540,498.95,PAYMENT,2023-01-11 19:10:02,2023,1,11,19,2,0
TXN000541,183.85,WITHDRAWAL,2023-03-08 12:24:23,2023,3,8,12,2,0
TXN000542,750.19,PAYMENT,2023-06-15 02:10:06,2023,6,15,2,3,0
TXN000543,1509.26,DEPOSIT,2023-09-27 13:17:06,2023,9,27,13,2,0
TXN000544,331.32,PAYMENT,2023-07-11 14:24:11,2023,7,11,14,1,0
TXN000545,757.1,PAYMENT,2023-06-22 10:59:12,2023,6,22,10,3,0
TXN000546,280.71,TRANSFER,2023-03-22 15:54:21,2023,3,22,15,2,0
TXN000547,496.49,PAYMENT,2023-11-11 12:59:29,2023,11,11,12,5,1
TXN000548,1097.73,DEPOSIT,2023-12-19 10:43:22,2023,12,19,10,1,0
TXN000549,5000.0,DEPOSIT,2023-01-01 20:51:22,2023,1,1,20,6,1
TXN000550,496.88,PAYMENT,2023-03-14 12:03:26,2023,3,14,12,1,0
TXN000551,284.52,PAYMENT,2023-05-02 12:37:37,2023,5,2,12,1,0
TXN000552,264.52,WITHDRAWAL,2023-06-21 16:15:40,2023,6,21,16,2,0
TXN000553,1502.06,DEPOSIT,2023-04-18 09:05:07,2023,4,18,9,1,0
TXN000554,965.17,DEPOSIT,2023-06-29 09:20:40,2023,6,29,9,3,0
TXN000555,748.48,PAYMENT,2023-09-10 13:47:18,2023,9,10,13,6,1
TXN000556,2853.92,DEPOSIT,2023-01-18 10:44:14,2023,1,18,10,2,0
TXN000557,2160.75,DEPOSIT,2023-05-14 03:48:46,2023,5,14,3,6,1
TXN000558,303.86,PAYMENT,2023-03-29 13:40:12,2023,3,29,13,2,0
TXN000559,5000.0,DEPOSIT,2023-02-17 12:18:15,2023,2,17,12,4,0
TXN000560,896.57,TRANSFER,2023-08-09 23:47:53,2023,8,9,23,2,0
TXN000561,358.36,PAYMENT,2023-08-11 05:43:11,2023,8,11,5,4,0
TXN000562,1609.13,TRANSFER,2023-10-04 09:39:28,2023,10,4,9,2,0
TXN000563,1899.66,DEPOSIT,2023-06-02 08:38:55,2023,6,2,8,4,0
TXN000564,1439.94,TRANSFER,2023-09-09 05:35:31,2023,9,9,5,5,1
TXN000565,602.33,PAYMENT,2023-01-02 15:34:07,2023,1,2,15,0,0
TXN000566,1000.0,PAYMENT,2023-04-13 03:31:52,2023,4,13,3,3,0
TXN000567,759.41,DEPOSIT,2023-06-07 14:28:16,2023,6,7,14,2,0
TXN000568,370.84,PAYMENT,2023-12-05 09:38:54,2023,12,5,9,1,0
TXN000569,1000.0,PAYMENT,2023-10-06 14:06:33,2023,10,6,14,4,0
TXN000570,478.46,PAYMENT,2023-07-15 13:26:58,2023,7,15,13,5,1
TXN000571,703.13,DEPOSIT,2023-01-23 09:35:10,2023,1,23,9,0,0
TXN000572,642.86,PAYMENT,2023-10-16 02:14:39,2023,10,16,2,0,0
TXN000573,4149.07,DEPOSIT,2023-12-23 03:31:15,2023,12,23,3,5,1
TXN000574,474.96,PAYMENT,2023-06-26 19:42:48,2023,6,26,19,0,0
TXN000575,38.75,PAYMENT,2023-07-18 19:01:35,2023,7,18,19,1,0
TXN000576,151.81,WITHDRAWAL,2023-10-02 17:17:16,2023,10,2,17,0,0
TXN000577,59.23,REFUND,2023-05-01 17:20:24,2023,5,1,17,0,0
TXN000578,1000.0,PAYMENT,2023-11-14 05:22:06,2023,11,14,5,1,0
TXN000579,96.3,PAYMENT,2023-12-16 15:51:07,2023,12,16,15,5,1
TXN000580,360.02,PAYMENT,2023-07-23 20:05:58,2023,7,23,20,6,1
TXN000581,1031.25,TRANSFER,2023-05-22 18:55:16,2023,5,22,18,0,0
TXN000582,190.62,PAYMENT,2023-02-21 10:24:58,2023,2,21,10,1,0
TXN000583,602.4,PAYMENT,2023-06-26 14:57:36,2023,6,26,14,0,0
TXN000584,389.07,TRANSFER,2023-12-15 14:37:34,2023,12,15,14,4,0
TXN000585,2245.86,DEPOSIT,2023-06-19 08:38:59,2023,6,19,8,0,0
TXN000586,429.99,PAYMENT,2023-09-01 09:46:43,2023,9,1,9,4,0
TXN000587,1529.07,DEPOSIT,2023-01-11 12:18:04,2023,1,11,12,2,0
TXN000588,766.77,PAYMENT,2023-06-05 11:19:16,2023,6,5,11,0,0
TXN000589,121.33,WITHDRAWAL,2023-08-15 11:40:56,2023,8,15,11,1,0
TXN000590,298.31,WITHDRAWAL,2023-04-07 16:04:56,2023,4,7,16,4,0
TXN000591,352.4,REFUND,2023-07-28 17:38:19,2023,7,28,17,4,0
TXN000592,110.51,WITHDRAWAL,2023-09-17 14:41:12,2023,9,17,14,6,1
TXN000593,115.47,PAYMENT,2023-09-26 20:42:17,2023,9,26,20,1,0
TXN000594,1393.93,DEPOSIT,2023-08-26 18:23:27,2023,8,26,18,5,1
TXN000595,324.3,DEPOSIT,2023-09-08 21:37:42,2023,9,8,21,4,0
TXN000596,825.16,TRANSFER,2023-07-17 01:48:27,2023,7,17,1,0,0
TXN000597,337.87,WITHDRAWAL,2023-07-12 12:41:46,2023,7,12,12,2,0
TXN000598,156.24,PAYMENT,2023-04-22 16:59:31,2023,4,22,16,5,1
TXN000599,3413.4,DEPOSIT,2023-12-06 13:37:31,2023,12,6,13,2,0
TXN000600,806.6,PAYMENT,2023-06-22 10:03:59,2023,6,22,10,3,0
TXN000601,899.97,TRANSFER,2023-05-22 09:30:29,2023,5,22,9,0,0
TXN000602,1903.08,TRANSFER,2023-11-30 10:52:43,2023,11,30,10,3,0
TXN000603,1334.48,DEPOSIT,2023-09-01 13:03:08,2023,9,1,13,4,0
TXN000604,1115.48,DEPOSIT,2023-04-03 10:41:46,2023,4,3,10,0,0
TXN000605,469.93,PAYMENT,2023-03-07 09:25:02,2023,3,7,9,1,0
TXN000606,294.2,TRANSFER,2023-06-21 23:49:38,2023,6,21,23,2,0
TXN000607,189.35,WITHDRAWAL,2023-06-07 15:18:32,2023,6,7,15,2,0
TXN000608,1746.27,DEPOSIT,2023-06-19 13:31:57,2023,6,19,13,0,0
TXN000609,269.74,REFUND,2023-05-31 16:53:06,2023,5,31,16,2,0
TXN000610,967.07,TRANSFER,2023-02-06 17:11:34,2023,2,6,17,0,0
TXN000611,20.1,PAYMENT,2023-07-15 19:17:26,2023,7,15,19,5,1
TXN000612,1000.0,PAYMENT,2023-04-13 12:28:34,2023,4,13,12,3,0
TXN000613,818.13,DEPOSIT,2023-10-19 16:39:34,2023,10,19,16,3,0
TXN000614,662.76,PAYMENT,2023-03-23 17:49:29,2023,3,23,17,3,0
TXN000615,286.73,REFUND,2023-11-21 15:38:03,2023,11,21,15,1,0
TXN000616,181.91,WITHDRAWAL,2023-09-02 13:57:22,2023,9,2,13,5,1
TXN000617,1043.16,TRANSFER,2023-09-29 06:56:19,2023,9,29,6,4,0
TXN000618,323.28,TRANSFER,2023-04-26 12:32:14,2023,4,26,12,2,0
TXN000619,656.9,TRANSFER,2023-02-22 13:57:52,2023,2,22,13,2,0
TXN000620,1000.0,PAYMENT,2023-06-06 06:04:51,2023,6,6,6,1,0
TXN000621,470.17,TRANSFER,2023-01-24 10:51:25,2023,1,24,10,1,0
TXN000622,710.69,TRANSFER,2023-06-22 15:47:21,2023,6,22,15,3,0
TXN000623,234.68,PAYMENT,2023-03-10 12:28:42,2023,3,10,12,4,0
TXN000624,668.77,PAYMENT,2023-09-08 13:04:47,2023,9,8,13,4,0
TXN000625,167.4,WITHDRAWAL,2023-03-26 14:41:13,2023,3,26,14,6,1
TXN000626,576.29,PAYMENT,2023-01-20 13:39:37,2023,1,20,13,4,0
TXN000627,376.89,REFUND,2023-12-01 00:43:07,2023,12,1,0,4,0
TXN000628,439.72,PAYMENT,2023-03-01 15:10:27,2023,3,1,15,2,0
TXN000629,642.9,PAYMENT,2023-03-05 19:55:33,2023,3,5,19,6,1
TXN000630,302.67,WITHDRAWAL,2023-12-18 22:56:56,2023,12,18,22,0,0
TXN000631,385.63,WITHDRAWAL,2023-03-02 10:17:34,2023,3,2,10,3,0
TXN000632,644.28,PAYMENT,2023-02-24 18:07:19,2023,2,24,18,4,0
TXN000633,823.33,PAYMENT,2023-04-13 09:34:31,2023,4,13,9,3,0
TXN000634,1406.25,DEPOSIT,2023-04-14 13:01:53,2023,4,14,13,4,0
TXN000635,184.59,PAYMENT,2023-06-01 05:50:20,2023,6,1,5,3,0
TXN000636,93.62,PAYMENT,2023-09-04 12:02:12,2023,9,4,12,0,0
TXN000637,73.67,WITHDRAWAL,2023-10-21 17:59:23,2023,10,21,17,5,1
TXN000638,223.58,WITHDRAWAL,2023-02-16 18:37:50,2023,2,16,18,3,0
TXN000639,1985.36,DEPOSIT,2023-02-21 09:19:00,2023,2,21,9,1,0
TXN000640,328.35,PAYMENT,2023-08-22 10:46:40,2023,8,22,10,1,0
TXN000641,56.96,PAYMENT,2023-01-21 10:34:45,2023,1,21,10,5,1
TXN000642,389.88,TRANSFER,2023-12-13 11:23:07,2023,12,13,11,2,0
TXN000643,389.51,PAYMENT,2023-07-03 15:56:12,2023,7,3,15,0,0
TXN000644,257.61,WITHDRAWAL,2023-07-24 16:37:19,2023,7,24,16,0,0
TXN000645,433.45,WITHDRAWAL,2023-07-17 17:24:44,2023,7,17,17,0,0
TXN000646,48.76,PAYMENT,2023-11-29 06:04:20,2023,11,29,6,2,0
TXN000647,671.64,PAYMENT,2023-10-30 17:34:25,2023,10,30,17,0,0
TXN000648,645.65,PAYMENT,2023-12-14 15:57:10,2023,12,14,15,3,0
TXN000649,221.23,REFUND,2023-07-14 13:03:22,2023,7,14,13,4,0
TXN000650,921.41,TRANSFER,2023-08-14 01:40:25,2023,8,14,1,0,0
TXN000651,1490.23,DEPOSIT,2023-12-02 11:26:27,2023,12,2,11,5,1
TXN000652,2697.98,DEPOSIT,2023-10-23 20:34:17,2023,10,23,20,0,0
TXN000653,285.95,PAYMENT,2023-12-19 22:30:33,2023,12,19,22,1,0
TXN000654,141.89,WITHDRAWAL,2023-12-05 09:03:01,2023,12,5,9,1,0
TXN000655,145.85,TRANSFER,2023-10-13 22:18:55,2023,10,13,22,4,0
TXN000656,601.21,PAYMENT,2023-02-08 17:54:01,2023,2,8,17,2,0
TXN000657,352.42,PAYMENT,2023-06-19 10:07:38,2023,6,19,10,0,0
TXN000658,487.04,DEPOSIT,2023-07-26 08:33:21,2023,7,26,8,2,0
TXN000659,798.27,DEPOSIT,2023-08-16 20:51:48,2023,8,16,20,2,0
TXN000660,639.57,PAYMENT,2023-09-13 16:16:38,2023,9,13,16,2,0
TXN000661,542.42,PAYMENT,2023-09-12 23:47:18,2023,9,12,23,1,0
TXN000662,147.53,WITHDRAWAL,2023-07-26 15:00:46,2023,7,26,15,2,0
TXN000663,425.43,REFUND,2023-09-18 20:28:26,2023,9,18,20,0,0
TXN000664,483.81,PAYMENT,2023-08-21 12:05:12,2023,8,21,12,0,0
TXN000665,2528.47,DEPOSIT,2023-11-14 21:50:36,2023,11,14,21,1,0
TXN000666,537.13,PAYMENT,2023-11-21 10:37:50,2023,11,21,10,1,0
TXN000667,536.51,TRANSFER,2023-07-11 03:52:15,2023,7,11,3,1,0
TXN000668,2389.3,DEPOSIT,2023-03-26 17:55:42,2023,3,26,17,6,1
TXN000669,788.42,PAYMENT,2023-04-11 06:49:41,2023,4,11,6,1,0
TXN000670,529.28,TRANSFER,2023-04-08 12:18:13,2023,4,8,12,5,1
TXN000671,349.66,WITHDRAWAL,2023-12-11 21:26:16,2023,12,11,21,0,0
TXN000672,175.9,WITHDRAWAL,2023-10-11 15:45:29,2023,10,11,15,2,0
TXN000673,2000.0,TRANSFER,2023-11-08 09:02:17,2023,11,8,9,2,0
TXN000674,893.59,DEPOSIT,2023-12-25 18:39:07,2023,12,25,18,0,0
TXN000675,1000.0,PAYMENT,2023-05-29 12:34:18,2023,5,29,12,0,0
TXN000676,643.9,DEPOSIT,2023-11-23 11:44:15,2023,11,23,11,3,0
TXN000677,414.42,PAYMENT,2023-06-30 20:28:19,2023,6,30,20,4,0
TXN000678,2491.48,DEPOSIT,2023-10-20 15:11:59,2023,10,20,15,4,0
TXN000679,4616.86,DEPOSIT,2023-01-13 13:52:01,2023,1,13,13,4,0
TXN000680,906.32,PAYMENT,2023-03-24 10:26:07,2023,3,24,10,4,0
TXN000681,5000.0,DEPOSIT,2023-01-17 13:03:33,2023,1,17,13,1,0
TXN000682,83.28,PAYMENT,2023-10-15 14:09:32,2023,10,15,14,6,1
TXN000683,303.8,REFUND,2023-01-25 13:53:34,2023,1,25,13,2,0
TXN000684,167.32,WITHDRAWAL,2023-03-30 18:42:30,2023,3,30,18,3,0
TXN000685,377.17,WITHDRAWAL,2023-01-21 15:36:05,2023,1,21,15,5,1
TXN000686,389.13,REFUND,2023-05-16 04:44:08,2023,5,16,4,1,0
TXN000687,2208.24,DEPOSIT,2023-12-30 05:38:10,2023,12,30,5,5,1
TXN000688,369.63,PAYMENT,2023-06-15 21:43:54,2023,6,15,21,3,0
TXN000689,127.91,WITHDRAWAL,2023-10-09 13:02:14,2023,10,9,13,0,0
TXN000690,174.64,WITHDRAWAL,2023-12-29 11:34:22,2023,12,29,11,4,0
TXN000691,944.42,DEPOSIT,2023-04-05 18:57:16,2023,4,5,18,2,0
TXN000692,691.6,TRANSFER,2023-10-02 14:41:16,2023,10,2,14,0,0
TXN000693,3954.67,DEPOSIT,2023-06-19 13:08:10,2023,6,19,13,0,0
TXN000694,529.5,PAYMENT,2023-11-13 19:18:53,2023,11,13,19,0,0
TXN000695,210.81,PAYMENT,2023-10-15 23:38:25,2023,10,15,23,6,1
TXN000696,195.67,PAYMENT,2023-06-14 13:53:07,2023,6,14,13,2,0
TXN000697,338.51,REFUND,2023-02-28 14:02:57,2023,2,28,14,1,0
TXN000698,986.7,PAYMENT,2023-08-17 17:43:26,2023,8,17,17,3,0
TXN000699,526.49,PAYMENT,2023-10-03 19:24:48,2023,10,3,19,1,0
TXN000700,168.24,REFUND,2023-04-20 15:26:41,2023,4,20,15,3,0
TXN000701,784.66,DEPOSIT,2023-02-06 05:35:52,2023,2,6,5,0,0
TXN000702,659.07,PAYMENT,2023-06-19 01:22:45,2023,6,19,1,0,0
TXN000703,5000.0,DEPOSIT,2023-04-27 09:25:01,2023,4,27,9,3,0
TXN000704,223.19,WITHDRAWAL,2023-03-02 19:28:21,2023,3,2,19,3,0
TXN000705,369.69,PAYMENT,2023-02-07 13:01:24,2023,2,7,13,1,0
TXN000706,562.33,DEPOSIT,2023-02-24 10:33:09,2023,2,24,10,4,0
TXN000707,261.53,REFUND,2023-06-04 22:05:03,2023,6,4,22,6,1
TXN000708,1256.77,TRANSFER,2023-08-13 13:53:12,2023,8,13,13,6,1
TXN000709,316.14,PAYMENT,2023-07-20 19:52:09,2023,7,20,19,3,0
TXN000710,558.55,PAYMENT,2023-11-28 13:35:06,2023,11,28,13,1,0
TXN000711,2593.57,DEPOSIT,2023-03-14 04:29:12,2023,3,14,4,1,0
TXN000712,647.37,PAYMENT,2023-11-27 18:39:41,2023,11,27,18,0,0
TXN000713,736.07,DEPOSIT,2023-05-10 07:04:30,2023,5,10,7,2,0
TXN000714,153.23,WITHDRAWAL,2023-10-09 16:47:38,2023,10,9,16,0,0
TXN000715,1858.55,DEPOSIT,2023-02-07 10:34:56,2023,2,7,10,1,0
TXN000716,344.97,WITHDRAWAL,2023-10-25 17:44:17,2023,10,25,17,2,0
TXN000717,500.0,WITHDRAWAL,2023-06-06 21:16:08,2023,6,6,21,1,0
TXN000718,221.05,PAYMENT,2023-10-18 13:16:14,2023,10,18,13,2,0
TXN000719,823.27,TRANSFER,2023-08-08 06:08:23,2023,8,8,6,1,0
TXN000720,672.5,TRANSFER,2023-11-25 15:52:43,2023,11,25,15,5,1
TXN000721,1220.4,DEPOSIT,2023-06-19 17:28:28,2023,6,19,17,0,0
TXN000722,1711.77,TRANSFER,2023-07-03 11:07:18,2023,7,3,11,0,0
TXN000723,1061.03,TRANSFER,2023-03-13 19:36:37,2023,3,13,19,0,0
TXN000724,331.95,WITHDRAWAL,2023-10-25 21:04:37,2023,10,25,21,2,0
TXN000725,670.13,DEPOSIT,2023-10-10 09:29:19,2023,10,10,9,1,0
TXN000726,414.69,PAYMENT,2023-10-04 17:11:19,2023,10,4,17,2,0
TXN000727,266.06,WITHDRAWAL,2023-03-18 13:19:08,2023,3,18,13,5,1
TXN000728,771.73,TRANSFER,2023-10-29 10:35:41,2023,10,29,10,6,1
TXN000729,5000.0,DEPOSIT,2023-09-14 18:35:00,2023,9,14,18,3,0
TXN000730,427.84,PAYMENT,2023-07-06 18:17:00,2023,7,6,18,3,0
TXN000731,229.8,DEPOSIT,2023-09-05 13:03:48,2023,9,5,13,1,0
TXN000732,1824.33,DEPOSIT,2023-09-07 08:26:15,2023,9,7,8,3,0
TXN000733,320.93,WITHDRAWAL,2023-07-09 08:31:13,2023,7,9,8,6,1
TXN000734,266.48,WITHDRAWAL,2023-07-04 14:07:48,2023,7,4,14,1,0
TXN000735,86.59,WITHDRAWAL,2023-08-21 01:41:26,2023,8,21,1,0,0
TXN000736,2191.67,DEPOSIT,2023-11-29 11:47:56,2023,11,29,11,2,0
TXN000737,636.85,PAYMENT,2023-03-31 13:42:49,2023,3,31,13,4,0
TXN000738,183.48,PAYMENT,2023-02-09 18:48:40,2023,2,9,18,3,0
TXN000739,999.11,DEPOSIT,2023-04-25 18:48:01,2023,4,25,18,1,0
TXN000740,244.75,REFUND,2023-06-26 17:43:33,2023,6,26,17,0,0
TXN000741,1104.21,DEPOSIT,2023-03-13 16:00:58,2023,3,13,16,0,0
TXN000742,1247.7,DEPOSIT,2023-09-03 17:26:26,2023,9,3,17,6,1
TXN000743,296.29,WITHDRAWAL,2023-01-12 08:52:18,2023,1,12,8,3,0
TXN000744,1048.86,DEPOSIT,2023-11-19 18:39:53,2023,11,19,18,6,1
TXN000745,120.84,PAYMENT,2023-10-21 05:20:49,2023,10,21,5,5,1
TXN000746,729.47,PAYMENT,2023-12-05 10:19:12,2023,12,5,10,1,0
TXN000747,242.81,PAYMENT,2023-04-21 16:21:17,2023,4,21,16,4,0
TXN000748,569.68,TRANSFER,2023-08-30 17:32:13,2023,8,30,17,2,0
TXN000749,199.15,WITHDRAWAL,2023-09-19 09:37:51,2023,9,19,9,1,0
TXN000750,119.47,WITHDRAWAL,2023-12-18 12:28:34,2023,12,18,12,0,0
TXN000751,1359.88,TRANSFER,2023-11-02 21:30:10,2023,11,2,21,3,0
TXN000752,3189.31,DEPOSIT,2023-07-13 14:02:03,2023,7,13,14,3,0
TXN000753,213.01,WITHDRAWAL,2023-11-11 21:50:18,2023,11,11,21,5,1
TXN000754,258.18,WITHDRAWAL,2023-02-17 17:33:28,2023,2,17,17,4,0
TXN000755,529.58,PAYMENT,2023-08-04 13:29:06,2023,8,4,13,4,0
TXN000756,708.32,DEPOSIT,2023-09-04 13:52:49,2023,9,4,13,0,0
TXN000757,782.52,DEPOSIT,2023-12-23 20:58:33,2023,12,23,20,5,1
TXN000758,494.8,PAYMENT,2023-03-10 09:16:00,2023,3,10,9,4,0
TXN000759,205.73,PAYMENT,2023-10-06 14:52:42,2023,10,6,14,4,0
TXN000760,255.19,WITHDRAWAL,2023-03-02 18:55:26,2023,3,2,18,3,0
TXN000761,70.3,PAYMENT,2023-06-11 14:53:08,2023,6,11,14,6,1
TXN000762,206.61,WITHDRAWAL,2023-03-21 15:30:46,2023,3,21,15,1,0
TXN000763,573.37,PAYMENT,2023-05-10 09:30:49,2023,5,10,9,2,0
TXN000764,278.13,REFUND,2023-08-05 20:33:32,2023,8,5,20,5,1
TXN000765,786.65,PAYMENT,2023-05-22 14:28:15,2023,5,22,14,0,0
TXN000766,125.5,WITHDRAWAL,2023-10-12 17:36:47,2023,10,12,17,3,0
TXN000767,249.4,WITHDRAWAL,2023-06-07 21:01:53,2023,6,7,21,2,0
TXN000768,731.69,PAYMENT,2023-12-28 14:29:43,2023,12,28,14,3,0
TXN000769,571.29,PAYMENT,2023-08-17 05:53:26,2023,8,17,5,3,0
TXN000770,701.38,PAYMENT,2023-09-18 14:35:02,2023,9,18,14,0,0
TXN000771,668.32,DEPOSIT,2023-12-28 01:53:42,2023,12,28,1,3,0
TXN000772,518.09,PAYMENT,2023-03-16 17:10:22,2023,3,16,17,3,0
TXN000773,445.54,PAYMENT,2023-08-11 03:12:32,2023,8,11,3,4,0
TXN000774,1862.8,DEPOSIT,2023-04-24 13:30:06,2023,4,24,13,0,0
TXN000775,302.88,PAYMENT,2023-01-20 13:59:34,2023,1,20,13,4,0
TXN000776,415.86,WITHDRAWAL,2023-05-27 21:45:11,2023,5,27,21,5,1
TXN000777,341.63,WITHDRAWAL,2023-09-23 10:24:47,2023,9,23,10,5,1
TXN000778,4376.71,DEPOSIT,2023-01-19 13:05:51,2023,1,19,13,3,0
TXN000779,2172.94,DEPOSIT,2023-01-01 05:43:56,2023,1,1,5,6,1
TXN000780,326.42,PAYMENT,2023-05-22 14:32:34,2023,5,22,14,0,0
TXN000781,332.86,WITHDRAWAL,2023-04-10 16:33:26,2023,4,10,16,0,0
TXN000782,417.34,WITHDRAWAL,2023-07-28 18:25:53,2023,7,28,18,4,0
TXN000783,2170.57,DEPOSIT,2023-02-07 18:19:11,2023,2,7,18,1,0
TXN000784,272.25,PAYMENT,2023-10-03 20:55:52,2023,10,3,20,1,0
TXN000785,357.39,PAYMENT,2023-08-15 13:43:44,2023,8,15,13,1,0
TXN000786,257.28,REFUND,2023-05-05 12:22:00,2023,5,5,12,4,0
TXN000787,864.59,PAYMENT,2023-08-23 16:46:27,2023,8,23,16,2,0
TXN000788,950.07,PAYMENT,2023-01-15 17:32:52,2023,1,15,17,6,1
TXN000789,340.1,TRANSFER,2023-07-31 12:51:21,2023,7,31,12,0,0
TXN000790,303.11,WITHDRAWAL,2023-01-05 09:35:17,2023,1,5,9,3,0
TXN000791,418.39,TRANSFER,2023-02-17 14:31:28,2023,2,17,14,4,0
TXN000792,106.24,WITHDRAWAL,2023-04-02 17:21:03,2023,4,2,17,6,1
TXN000793,329.53,WITHDRAWAL,2023-04-22 20:53:17,2023,4,22,20,5,1
TXN000794,1950.73,DEPOSIT,2023-12-13 17:56:14,2023,12,13,17,2,0
TXN000795,2051.2,DEPOSIT,2023-09-19 10:12:15,2023,9,19,10,1,0
TXN000796,461.56,PAYMENT,2023-10-23 04:40:09,2023,10,23,4,0,0
TXN000797,296.5,WITHDRAWAL,2023-01-17 18:17:40,2023,1,17,18,1,0
TXN000798,832.94,TRANSFER,2023-03-03 18:52:02,2023,3,3,18,4,0
TXN000799,1315.92,TRANSFER,2023-12-19 00:18:23,2023,12,19,0,1,0
TXN000800,300.11,PAYMENT,2023-04-18 13:48:52,2023,4,18,13,1,0
TXN000801,1370.76,TRANSFER,2023-06-16 13:09:55,2023,6,16,13,4,0
TXN000802,685.19,PAYMENT,2023-05-02 09:48:31,2023,5,2,9,1,0
TXN000803,2250.31,DEPOSIT,2023-11-10 12:29:30,2023,11,10,12,4,0
TXN000804,689.86,TRANSFER,2023-09-13 15:26:07,2023,9,13,15,2,0
TXN000805,1607.29,DEPOSIT,2023-12-25 13:33:19,2023,12,25,13,0,0
TXN000806,481.13,PAYMENT,2023-07-25 10:10:51,2023,7,25,10,1,0
TXN000807,689.95,TRANSFER,2023-06-11 17:43:02,2023,6,11,17,6,1
TXN000808,204.12,TRANSFER,2023-10-15 20:40:27,2023,10,15,20,6,1
TXN000809,1000.0,PAYMENT,2023-02-20 05:56:49,2023,2,20,5,0,0
TXN000810,770.01,PAYMENT,2023-05-11 17:21:00,2023,5,11,17,3,0
TXN000811,477.37,WITHDRAWAL,2023-05-14 13:08:32,2023,5,14,13,6,1
TXN000812,1108.85,TRANSFER,2023-10-13 09:22:59,2023,10,13,9,4,0
TXN000813,347.68,PAYMENT,2023-03-31 10:21:44,2023,3,31,10,4,0
TXN000814,621.42,PAYMENT,2023-12-11 18:35:04,2023,12,11,18,0,0
TXN000815,3362.92,DEPOSIT,2023-06-22 15:21:28,2023,6,22,15,3,0
TXN000816,137.82,REFUND,2023-10-20 14:44:14,2023,10,20,14,4,0
TXN000817,4857.06,DEPOSIT,2023-02-06 02:52:49,2023,2,6,2,0,0
TXN000818,1235.9,DEPOSIT,2023-04-27 11:24:48,2023,4,27,11,3,0
TXN000819,681.56,PAYMENT,2023-05-30 09:44:18,2023,5,30,9,1,0
TXN000820,5000.0,DEPOSIT,2023-08-19 15:04:22,2023,8,19,15,5,1
TXN000821,293.36,WITHDRAWAL,2023-12-05 09:09:43,2023,12,5,9,1,0
TXN000822,5000.0,DEPOSIT,2023-07-23 03:45:01,2023,7,23,3,6,1
TXN000823,141.85,PAYMENT,2023-08-31 19:58:04,2023,8,31,19,3,0
TXN000824,715.34,DEPOSIT,2023-07-19 11:15:49,2023,7,19,11,2,0
TXN000825,161.94,WITHDRAWAL,2023-05-26 16:08:05,2023,5,26,16,4,0
TXN000826,18.41,PAYMENT,2023-06-16 17:20:10,2023,6,16,17,4,0
TXN000827,172.98,TRANSFER,2023-10-04 09:55:05,2023,10,4,9,2,0
TXN000828,434.86,WITHDRAWAL,2023-03-11 19:38:05,2023,3,11,19,5,1
TXN000829,792.68,PAYMENT,2023-11-02 16:37:20,2023,11,2,16,3,0
TXN000830,1095.98,DEPOSIT,2023-11-22 20:32:02,2023,11,22,20,2,0
TXN000831,1000.0,PAYMENT,2023-06-27 17:32:11,2023,6,27,17,1,0
TXN000832,1367.84,DEPOSIT,2023-02-15 16:05:15,2023,2,15,16,2,0
TXN000833,965.5,PAYMENT,2023-07-31 09:27:33,2023,7,31,9,0,0
TXN000834,971.8,PAYMENT,2023-03-11 12:31:13,2023,3,11,12,5,1
TXN000835,347.08,PAYMENT,2023-09-09 17:22:10,2023,9,9,17,5,1
TXN000836,1305.73,TRANSFER,2023-08-09 10:39:53,2023,8,9,10,2,0
TXN000837,780.08,PAYMENT,2023-01-04 19:57:35,2023,1,4,19,2,0
TXN000838,341.0,PAYMENT,2023-11-27 14:11:21,2023,11,27,14,0,0
TXN000839,187.42,PAYMENT,2023-04-23 09:34:29,2023,4,23,9,6,1
TXN000840,3289.7,DEPOSIT,2023-11-10 09:53:53,2023,11,10,9,4,0
TXN000841,158.81,WITHDRAWAL,2023-05-25 09:48:03,2023,5,25,9,3,0
TXN000842,1555.59,DEPOSIT,2023-06-25 15:18:02,2023,6,25,15,6,1
TXN000843,549.72,PAYMENT,2023-09-13 13:31:19,2023,9,13,13,2,0
TXN000844,329.21,WITHDRAWAL,2023-01-17 12:01:26,2023,1,17,12,1,0
TXN000845,415.53,PAYMENT,2023-05-09 13:53:34,2023,5,9,13,1,0
TXN000846,291.4,WITHDRAWAL,2023-04-17 17:12:54,2023,4,17,17,0,0
TXN000847,1756.63,TRANSFER,2023-06-09 11:45:44,2023,6,9,11,4,0
TXN000848,20.58,PAYMENT,2023-05-10 17:31:15,2023,5,10,17,2,0
TXN000849,560.68,DEPOSIT,2023-04-12 13:07:21,2023,4,12,13,2,0
TXN000850,677.38,DEPOSIT,2023-10-25 17:18:14,2023,10,25,17,2,0
TXN000851,1136.35,DEPOSIT,2023-03-21 13:31:19,2023,3,21,13,1,0
TXN000852,694.4,PAYMENT,2023-11-17 02:11:11,2023,11,17,2,4,0
TXN000853,383.96,WITHDRAWAL,2023-06-27 15:58:23,2023,6,27,15,1,0
TXN000854,576.1,TRANSFER,2023-01-11 13:45:14,2023,1,11,13,2,0
TXN000855,1486.4,DEPOSIT,2023-03-10 09:07:39,2023,3,10,9,4,0
TXN000856,848.39,PAYMENT,2023-09-06 15:55:44,2023,9,6,15,2,0
TXN000857,2043.36,DEPOSIT,2023-10-05 17:50:37,2023,10,5,17,3,0
TXN000858,408.36,PAYMENT,2023-04-06 19:47:33,2023,4,6,19,3,0
TXN000859,368.02,WITHDRAWAL,2023-08-28 10:01:27,2023,8,28,10,0,0
TXN000860,3230.17,DEPOSIT,2023-11-03 20:11:22,2023,11,3,20,4,0
TXN000861,600.83,PAYMENT,2023-05-15 19:43:09,2023,5,15,19,0,0
TXN000862,359.86,PAYMENT,2023-09-12 20:04:41,2023,9,12,20,1,0
TXN000863,131.67,REFUND,2023-05-25 11:44:43,2023,5,25,11,3,0
TXN000864,848.81,DEPOSIT,2023-06-14 04:01:18,2023,6,14,4,2,0
TXN000865,343.78,TRANSFER,2023-12-04 02:25:39,2023,12,4,2,0,0
TXN000866,272.95,PAYMENT,2023-11-16 21:29:31,2023,11,16,21,3,0
TXN000867,196.87,WITHDRAWAL,2023-02-10 17:02:29,2023,2,10,17,4,0
TXN000868,1714.0,DEPOSIT,2023-02-01 13:08:27,2023,2,1,13,2,0
TXN000869,730.37,TRANSFER,2023-08-01 13:26:14,2023,8,1,13,1,0
TXN000870,124.28,WITHDRAWAL,2023-09-30 14:01:46,2023,9,30,14,5,1
TXN000871,289.65,WITHDRAWAL,2023-10-13 15:06:59,2023,10,13,15,4,0
TXN000872,524.22,PAYMENT,2023-11-23 20:59:31,2023,11,23,20,3,0
TXN000873,616.83,TRANSFER,2023-08-23 15:32:57,2023,8,23,15,2,0
TXN000874,187.52,WITHDRAWAL,2023-06-30 11:28:27,2023,6,30,11,4,0
TXN000875,226.29,PAYMENT,2023-06-16 13:32:02,2023,6,16,13,4,0
TXN000876,643.56,PAYMENT,2023-11-21 15:40:38,2023,11,21,15,1,0
TXN000877,522.4,PAYMENT,2023-10-09 09:15:03,2023,10,9,9,0,0
TXN000878,301.75,WITHDRAWAL,2023-01-12 10:02:50,2023,1,12,10,3,0
TXN000879,1232.0,DEPOSIT,2023-10-20 05:37:58,2023,10,20,5,4,0
TXN000880,194.98,WITHDRAWAL,2023-08-24 12:56:56,2023,8,24,12,3,0
TXN000881,1519.66,TRANSFER,2023-05-16 13:21:54,2023,5,16,13,1,0
TXN000882,5000.0,DEPOSIT,2023-06-16 17:34:06,2023,6,16,17,4,0
TXN000883,531.56,TRANSFER,2023-01-20 20:58:54,2023,1,20,20,4,0
TXN000884,540.39,PAYMENT,2023-01-29 12:10:29,2023,1,29,12,6,1
TXN000885,481.94,PAYMENT,2023-08-11 15:09:54,2023,8,11,15,4,0
TXN000886,296.28,PAYMENT,2023-11-20 13:55:33,2023,11,20,13,0,0
TXN000887,1210.87,DEPOSIT,2023-12-11 14:18:15,2023,12,11,14,0,0
TXN000888,500.0,WITHDRAWAL,2023-04-24 15:43:34,2023,4,24,15,0,0
TXN000889,325.7,PAYMENT,2023-07-21 05:23:20,2023,7,21,5,4,0
TXN000890,520.85,PAYMENT,2023-01-26 19:57:27,2023,1,26,19,3,0
TXN000891,401.2,TRANSFER,2023-02-13 14:30:35,2023,2,13,14,0,0
TXN000892,487.85,PAYMENT,2023-09-04 20:21:48,2023,9,4,20,0,0
TXN000893,982.97,DEPOSIT,2023-05-17 15:39:29,2023,5,17,15,2,0
TXN000894,198.75,WITHDRAWAL,2023-07-31 15:25:14,2023,7,31,15,0,0
TXN000895,142.78,PAYMENT,2023-04-08 11:40:39,2023,4,8,11,5,1
TXN000896,726.5,TRANSFER,2023-03-28 12:43:58,2023,3,28,12,1,0
TXN000897,504.65,TRANSFER,2023-08-15 22:41:21,2023,8,15,22,1,0
TXN000898,629.71,PAYMENT,2023-01-12 12:04:59,2023,1,12,12,3,0
TXN000899,244.95,REFUND,2023-09-25 09:25:02,2023,9,25,9,0,0
TXN000900,373.74,TRANSFER,2023-12-06 19:10:48,2023,12,6,19,2,0
TXN000901,260.36,PAYMENT,2023-12-06 13:06:54,2023,12,6,13,2,0
TXN000902,501.16,PAYMENT,2023-01-10 10:38:57,2023,1,10,10,1,0
TXN000903,1919.5,TRANSFER,2023-11-29 14:04:22,2023,11,29,14,2,0
TXN000904,182.19,REFUND,2023-02-20 11:29:07,2023,2,20,11,0,0
TXN000905,400.69,DEPOSIT,2023-11-02 19:21:12,2023,11,2,19,3,0
TXN000906,552.41,PAYMENT,2023-10-15 00:46:56,2023,10,15,0,6,1
TXN000907,798.05,PAYMENT,2023-09-29 11:06:07,2023,9,29,11,4,0
TXN000908,324.41,WITHDRAWAL,2023-07-21 05:42:58,2023,7,21,5,4,0
TXN000909,253.9,TRANSFER,2023-12-17 12:48:45,2023,12,17,12,6,1
TXN000910,531.78,PAYMENT,2023-09-14 10:02:39,2023,9,14,10,3,0
TXN000911,709.91,PAYMENT,2023-11-17 09:22:54,2023,11,17,9,4,0
TXN000912,478.2,TRANSFER,2023-07-21 23:55:05,2023,7,21,23,4,0
TXN000913,194.42,WITHDRAWAL,2023-08-07 11:22:24,2023,8,7,11,0,0
TXN000914,445.71,TRANSFER,2023-07-31 14:58:23,2023,7,31,14,0,0
TXN000915,452.87,PAYMENT,2023-11-23 09:58:07,2023,11,23,9,3,0
TXN000916,213.16,PAYMENT,2023-04-07 03:53:14,2023,4,7,3,4,0
TXN000917,2020.33,DEPOSIT,2023-01-14 13:04:49,2023,1,14,13,5,1
TXN000918,562.51,PAYMENT,2023-11-06 17:04:01,2023,11,6,17,0,0
TXN000919,285.3,REFUND,2023-09-09 17:15:08,2023,9,9,17,5,1
TXN000920,491.3,PAYMENT,2023-04-09 08:14:18,2023,4,9,8,6,1
TXN000921,206.73,PAYMENT,2023-06-16 16:39:31,2023,6,16,16,4,0
TXN000922,1413.18,DEPOSIT,2023-08-07 14:44:26,2023,8,7,14,0,0
TXN000923,948.49,PAYMENT,2023-11-08 13:50:56,2023,11,8,13,2,0
TXN000924,805.45,TRANSFER,2023-06-05 10:24:35,2023,6,5,10,0,0
TXN000925,910.05,DEPOSIT,2023-10-27 19:53:38,2023,10,27,19,4,0
TXN000926,1085.06,TRANSFER,2023-07-31 11:46:36,2023,7,31,11,0,0
TXN000927,2000.0,TRANSFER,2023-02-16 09:06:18,2023,2,16,9,3,0
TXN000928,302.09,WITHDRAWAL,2023-09-26 13:59:03,2023,9,26,13,1,0
TXN000929,461.36,PAYMENT,2023-07-13 20:02:14,2023,7,13,20,3,0
TXN000930,416.72,WITHDRAWAL,2023-03-29 12:12:14,2023,3,29,12,2,0
TXN000931,378.53,PAYMENT,2023-12-04 05:27:52,2023,12,4,5,0,0
TXN000932,3835.11,DEPOSIT,2023-01-27 15:16:35,2023,1,27,15,4,0
TXN000933,361.89,PAYMENT,2023-08-17 10:30:51,2023,8,17,10,3,0
TXN000934,210.71,WITHDRAWAL,2023-11-08 17:57:59,2023,11,8,17,2,0
TXN000935,692.44,PAYMENT,2023-11-05 10:51:57,2023,11,5,10,6,1
TXN000936,815.19,PAYMENT,2023-02-14 01:47:06,2023,2,14,1,1,0
TXN000937,247.64,WITHDRAWAL,2023-10-24 13:06:50,2023,10,24,13,1,0
TXN000938,404.11,REFUND,2023-02-17 10:53:49,2023,2,17,10,4,0
TXN000939,595.14,PAYMENT,2023-11-10 02:07:06,2023,11,10,2,4,0
TXN000940,165.19,WITHDRAWAL,2023-12-28 10:27:22,2023,12,28,10,3,0
TXN000941,402.49,PAYMENT,2023-06-12 09:27:14,2023,6,12,9,0,0
TXN000942,1024.18,TRANSFER,2023-11-16 12:53:00,2023,11,16,12,3,0
TXN000943,425.1,WITHDRAWAL,2023-11-20 18:07:19,2023,11,20,18,0,0
TXN000944,754.37,PAYMENT,2023-05-29 07:02:49,2023,5,29,7,0,0
TXN000945,383.44,WITHDRAWAL,2023-01-13 16:55:33,2023,1,13,16,4,0
TXN000946,234.83,TRANSFER,2023-08-01 15:04:29,2023,8,1,15,1,0
TXN000947,1201.26,TRANSFER,2023-12-20 10:15:13,2023,12,20,10,2,0
TXN000948,668.53,PAYMENT,2023-02-04 11:12:20,2023,2,4,11,5,1
TXN000949,292.72,WITHDRAWAL,2023-10-09 11:47:37,2023,10,9,11,0,0
TXN000950,664.28,PAYMENT,2023-02-28 12:08:04,2023,2,28,12,1,0
TXN000951,443.15,DEPOSIT,2023-06-23 17:26:37,2023,6,23,17,4,0
TXN000952,108.92,TRANSFER,2023-01-19 23:30:26,2023,1,19,23,3,0
TXN000953,565.42,PAYMENT,2023-10-02 12:12:03,2023,10,2,12,0,0
TXN000954,1647.55,DEPOSIT,2023-04-06 21:40:12,2023,4,6,21,3,0
TXN000955,233.38,WITHDRAWAL,2023-06-07 11:27:02,2023,6,7,11,2,0
TXN000956,943.49,TRANSFER,2023-05-20 15:04:06,2023,5,20,15,5,1
TXN000957,283.52,WITHDRAWAL,2023-05-02 13:31:44,2023,5,2,13,1,0
TXN000958,867.68,TRANSFER,2023-08-16 18:25:21,2023,8,16,18,2,0
TXN000959,3528.87,DEPOSIT,2023-09-05 18:12:23,2023,9,5,18,1,0
TXN000960,196.79,WITHDRAWAL,2023-09-26 11:17:59,2023,9,26,11,1,0
TXN000961,883.47,TRANSFER,2023-01-19 16:43:30,2023,1,19,16,3,0
TXN000962,341.86,PAYMENT,2023-09-25 04:13:02,2023,9,25,4,0,0
TXN000963,383.62,DEPOSIT,2023-06-20 16:59:54,2023,6,20,16,1,0
TXN000964,428.8,PAYMENT,2023-05-22 19:22:46,2023,5,22,19,0,0
TXN000965,386.01,WITHDRAWAL,2023-03-22 09:57:46,2023,3,22,9,2,0
TXN000966,868.39,DEPOSIT,2023-04-16 19:45:10,2023,4,16,19,6,1
TXN000967,948.51,TRANSFER,2023-06-13 09:52:07,2023,6,13,9,1,0
TXN000968,726.16,PAYMENT,2023-12-27 10:18:48,2023,12,27,10,2,0
TXN000969,1211.58,TRANSFER,2023-06-23 19:40:54,2023,6,23,19,4,0
TXN000970,1031.05,DEPOSIT,2023-12-12 01:50:13,2023,12,12,1,1,0
TXN000971,319.97,PAYMENT,2023-06-09 12:05:59,2023,6,9,12,4,0
TXN000972,693.04,TRANSFER,2023-12-10 19:25:24,2023,12,10,19,6,1
TXN000973,568.46,PAYMENT,2023-08-27 20:40:21,2023,8,27,20,6,1
TXN000974,1125.28,TRANSFER,2023-12-24 17:02:57,2023,12,24,17,6,1
TXN000975,1135.54,TRANSFER,2023-08-27 17:07:55,2023,8,27,17,6,1
TXN000976,500.0,WITHDRAWAL,2023-12-07 12:01:36,2023,12,7,12,3,0
TXN000977,436.89,WITHDRAWAL,2023-06-16 16:30:12,2023,6,16,16,4,0
TXN000978,414.94,PAYMENT,2023-02-03 17:18:23,2023,2,3,17,4,0
TXN000979,2000.0,TRANSFER,2023-05-25 12:41:33,2023,5,25,12,3,0
TXN000980,225.63,PAYMENT,2023-03-07 18:29:37,2023,3,7,18,1,0
TXN000981,250.16,PAYMENT,2023-02-24 11:51:52,2023,2,24,11,4,0
TXN000982,697.24,PAYMENT,2023-02-06 10:59:59,2023,2,6,10,0,0
TXN000983,1411.67,DEPOSIT,2023-07-25 21:30:02,2023,7,25,21,1,0
TXN000984,95.19,PAYMENT,2023-09-04 13:58:27,2023,9,4,13,0,0
TXN000985,435.54,REFUND,2023-04-17 21:30:59,2023,4,17,21,0,0
TXN000986,654.52,PAYMENT,2023-06-16 20:12:36,2023,6,16,20,4,0
TXN000987,476.25,PAYMENT,2023-07-14 11:55:14,2023,7,14,11,4,0
TXN000988,237.88,WITHDRAWAL,2023-12-05 02:14:18,2023,12,5,2,1,0
TXN000989,447.73,PAYMENT,2023-05-30 14:11:55,2023,5,30,14,1,0
TXN000990,331.46,DEPOSIT,2023-06-12 10:54:46,2023,6,12,10,0,0
TXN000991,280.03,PAYMENT,2023-12-14 11:05:17,2023,12,14,11,3,0
TXN000992,335.98,PAYMENT,2023-08-11 12:32:03,2023,8,11,12,4,0
TXN000993,4127.33,DEPOSIT,2023-09-19 14:42:58,2023,9,19,14,1,0
TXN000994,358.84,PAYMENT,2023-10-09 01:56:03,2023,10,9,1,0,0
TXN000995,596.37,PAYMENT,2023-10-14 13:04:46,2023,10,14,13,5,1
TXN000996,238.34,WITHDRAWAL,2023-12-26 21:29:13,2023,12,26,21,1,0
TXN000997,853.06,DEPOSIT,2023-06-12 13:56:13,2023,6,12,13,0,0
TXN000998,292.24,WITHDRAWAL,2023-08-11 19:50:49,2023,8,11,19,4,0
TXN000999,497.88,PAYMENT,2023-03-30 17:17:22,2023,3,30,17,3,0
TXN001000,770.19,PAYMENT,2023-10-12 14:00:09,2023,10,12,14,3,0
